Date,Symbol,Open,High,Low,Close,Volume BTC,Volume USD
2017-01-01,BTCUSD,966.34,1005,960.53,998.8,6665.42,6579903.85
2017-01-02,BTCUSD,997.75,1032,990.01,1014.1,8085.06,8190254.59
2017-01-03,BTCUSD,1011.44,1039,999.99,1036.99,8779.72,8955192.92
2017-01-04,BTCUSD,1035.51,1139.89,1028.56,1122.56,21371.6,23257162.08
2017-01-05,BTCUSD,1114.38,1136.72,885.41,994.02,34736.36,35036904.22
2017-01-06,BTCUSD,1004.73,1026.99,871,891.56,27597.93,25238781.34
2017-01-07,BTCUSD,894.02,906,812.28,897.14,19697.24,17026388.21
2017-01-08,BTCUSD,906.2,941.81,881.3,906.17,8849.68,8088448.27
2017-01-09,BTCUSD,909.8,912.87,875,899.99,8663.98,7733150.91
2017-01-10,BTCUSD,896.09,912.47,889.41,907.96,7931.46,7157833.4
2017-01-11,BTCUSD,905.05,918.4,755,788.81,35446.63,29111252.67
2017-01-12,BTCUSD,778.7,832.99,751.34,816,17298.71,13545426.73
2017-01-13,BTCUSD,807.51,831.4,775,826.9,11298.84,9133431.3
2017-01-14,BTCUSD,825.98,837.76,810,819.66,6581.1,5442676.2
2017-01-15,BTCUSD,819.52,823.45,808,822.47,4203.56,3432426.03
2017-01-16,BTCUSD,821.86,835,818.09,829.62,6136.18,5082219.0
2017-01-17,BTCUSD,831.76,908.5,827,906.08,12173.38,10693223.8
2017-01-18,BTCUSD,905.95,915.99,851.74,876.74,11022.4,9689310.45
2017-01-19,BTCUSD,887.69,910,878.89,900.46,11066.52,9904314.22
2017-01-20,BTCUSD,902.23,902.43,880,895.62,6605.45,5904057.73
2017-01-21,BTCUSD,895.81,928,895,921.1,5817.93,5329454.56
2017-01-22,BTCUSD,921.98,937.74,886.76,919.39,7066.33,6476841.64
2017-01-23,BTCUSD,923.75,927.57,913.21,921.39,3339.46,3073522.47
2017-01-24,BTCUSD,913.15,923,886.27,893,8821.87,7978981.16
2017-01-25,BTCUSD,885.47,904.01,884.5,892.95,5289.95,4724511.12
2017-01-26,BTCUSD,893.25,919.49,892.86,916.34,5107.77,4635817.25
2017-01-27,BTCUSD,914.95,924.88,908.01,917.84,4817.73,4422003.07
2017-01-28,BTCUSD,918.02,920.99,913.08,917.75,1144.75,1050315.48
2017-01-29,BTCUSD,918.6,919.99,910.45,913.1,1322.86,1210874.32
2017-01-30,BTCUSD,913.12,923,910,921.08,2997.2,2750934.15
2017-01-31,BTCUSD,919.99,970,917.5,965.01,9315.91,8839243.99
2017-02-01,BTCUSD,963.99,986.96,962,983.36,6874.21,6669709.8
2017-02-02,BTCUSD,983.79,1011.65,973.12,1008.18,8205.72,8158190.25
2017-02-03,BTCUSD,1009.15,1022.64,987.01,1012.64,10799.51,10899361.44
2017-02-04,BTCUSD,1015.06,1044.23,1004,1034.44,5725.94,5857358.53
2017-02-05,BTCUSD,1033.72,1034.6,1004.7,1014.57,4318.54,4387548.42
2017-02-06,BTCUSD,1010.03,1031.94,1005.1,1023.7,5069.03,5176624.63
2017-02-07,BTCUSD,1024,1056.25,1021.3,1054.12,5280.65,5509558.04
2017-02-08,BTCUSD,1052.48,1070,1025,1056.99,9568.8,10005034.74
2017-02-09,BTCUSD,1051.73,1074.69,913.73,981.96,24957.61,24875574.97
2017-02-10,BTCUSD,985.71,1010.68,950,997.57,10634.42,10395040.24
2017-02-11,BTCUSD,995.49,1020,987.62,1011.98,4426.59,4462704.29
2017-02-12,BTCUSD,1011.01,1011.97,991.98,1001.63,2662.09,2668338.13
2017-02-13,BTCUSD,1000.73,1007.89,975.1,1000.25,4540.29,4515153.39
2017-02-14,BTCUSD,1000.74,1019,987.97,1011.51,6536.91,6580183.46
2017-02-15,BTCUSD,1008.88,1013.8,1000.97,1011.53,3095.66,3123812.22
2017-02-16,BTCUSD,1011.53,1043.21,1010.75,1032.7,5996.1,6170238.86
2017-02-17,BTCUSD,1032.7,1064.99,1031.98,1055.46,6085.02,6386285.16
2017-02-18,BTCUSD,1055.46,1068.99,1046.14,1056.4,4471.03,4741677.69
2017-02-19,BTCUSD,1056.4,1061.9,1039.07,1051.8,2270.85,2388775.41
2017-02-20,BTCUSD,1051.8,1089.99,1044.39,1084,3664.0,3902264.53
2017-02-21,BTCUSD,1084,1126.86,1077,1124.62,8394.92,9273043.86
2017-02-22,BTCUSD,1124.62,1143,1098.16,1130.01,11672.0,13145511.0
2017-02-23,BTCUSD,1130.01,1193.92,1120.73,1188.11,11752.03,13556658.98
2017-02-24,BTCUSD,1188.11,1220,1091.1,1180.14,19597.57,23022719.16
2017-02-25,BTCUSD,1180.14,1184.73,1127,1152.2,6238.36,7226356.76
2017-02-26,BTCUSD,1152.2,1184.97,1133,1179.05,3536.49,4127618.08
2017-02-27,BTCUSD,1179.05,1197.99,1169,1194.64,4638.0,5508029.79
2017-02-28,BTCUSD,1194.64,1209.99,1176.27,1191.21,7559.42,9013416.33
2017-03-01,BTCUSD,1191.21,1231,1188.3,1226.39,6012.98,7276042.54
2017-03-02,BTCUSD,1226.39,1283.25,1215,1257.6,7761.85,9678454.84
2017-03-03,BTCUSD,1257.6,1298,1255,1285.33,7545.48,9615648.42
2017-03-04,BTCUSD,1285.33,1289.55,1230,1260,4951.0,6237313.77
2017-03-05,BTCUSD,1260,1275,1240,1273,3026.02,3809526.44
2017-03-06,BTCUSD,1273,1285,1251,1278.49,4249.47,5420539.75
2017-03-07,BTCUSD,1278.49,1281.62,1175.97,1233.05,14450.04,17887749.61
2017-03-08,BTCUSD,1233.05,1245.49,1145.5,1150.05,13391.55,15896181.2
2017-03-09,BTCUSD,1150.05,1208,1135.01,1190.89,7653.86,9018801.31
2017-03-10,BTCUSD,1190.89,1350,975,1116.97,33194.61,38529724.81
2017-03-11,BTCUSD,1116.97,1198,1106.51,1176.55,7346.55,8528948.13
2017-03-12,BTCUSD,1176.55,1241.85,1170.9,1226.62,5793.91,7003314.41
2017-03-13,BTCUSD,1226.62,1249.02,1215.43,1242.46,5630.79,6955370.87
2017-03-14,BTCUSD,1242.46,1260,1226.5,1245.86,5745.5,7156458.55
2017-03-15,BTCUSD,1245.86,1260,1238.32,1257.32,3920.35,4908117.86
2017-03-16,BTCUSD,1257.32,1258.96,1130,1172.62,15244.87,18263170.71
2017-03-17,BTCUSD,1172.62,1173.23,1063,1071.02,16703.78,18710285.4
2017-03-18,BTCUSD,1071.02,1099,944.36,969.4,21291.94,21545200.42
2017-03-19,BTCUSD,969.4,1063.7,969.4,1017.97,12196.14,12327661.82
2017-03-20,BTCUSD,1017.97,1053,1010.01,1035.96,7486.66,7753027.09
2017-03-21,BTCUSD,1035.96,1117.9,1034.92,1114.39,11125.5,12068049.72
2017-03-22,BTCUSD,1114.39,1114.39,988,1037.56,14520.38,15060114.15
2017-03-23,BTCUSD,1037.56,1054.4,1010.69,1029.65,5917.0,6134595.75
2017-03-24,BTCUSD,1029.65,1032,920,929.06,16066.46,15691519.3
2017-03-25,BTCUSD,929.06,963.36,891.33,956.02,13507.18,12469415.59
2017-03-26,BTCUSD,956.02,997,937.52,960,9005.18,8735685.94
2017-03-27,BTCUSD,960,1043,952.95,1039.92,8687.09,8753826.09
2017-03-28,BTCUSD,1039.92,1068.26,1014.9,1043.99,9109.22,9531808.18
2017-03-29,BTCUSD,1043.99,1059.43,1008.16,1035.96,9379.72,9675900.4
2017-03-30,BTCUSD,1035.96,1050.17,1017.14,1033.7,8644.96,8918956.47
2017-03-31,BTCUSD,1033.7,1081,1031.43,1070.31,12058.79,12711331.62
2017-04-01,BTCUSD,1070.31,1097,1061.64,1083.94,5209.01,5617187.43
2017-04-02,BTCUSD,1083.94,1100,1066.49,1078.01,7635.31,8269728.69
2017-04-03,BTCUSD,1078.01,1152,1076.19,1144.77,11076.86,12487637.63
2017-04-04,BTCUSD,1144.77,1162.93,1118.85,1143,7418.36,8468987.32
2017-04-05,BTCUSD,1143,1145,1111,1134.58,5581.47,6291139.39
2017-04-06,BTCUSD,1134.58,1201.37,1134.36,1190.85,9134.3,10690571.43
2017-04-07,BTCUSD,1190.85,1202,1176,1190.66,5450.27,6486716.5
2017-04-08,BTCUSD,1190.66,1197.3,1166.66,1184.03,2720.8,3224244.36
2017-04-09,BTCUSD,1184.03,1216.87,1173.98,1206.2,4817.38,5764917.28
2017-04-10,BTCUSD,1206.2,1219.71,1195,1209.25,3656.82,4416613.87
2017-04-11,BTCUSD,1209.25,1229,1198.02,1218.99,3487.75,4229830.76
2017-04-12,BTCUSD,1218.99,1224.57,1208,1212.17,3475.19,4224875.8
2017-04-13,BTCUSD,1212.17,1219.45,1141,1172.91,7135.29,8410777.07
2017-04-14,BTCUSD,1172.91,1193,1142,1170.34,8982.72,10475598.06
2017-04-15,BTCUSD,1170.34,1192.5,1165,1173.45,1804.45,2128067.82
2017-04-16,BTCUSD,1173.45,1179.3,1150,1162.31,2663.99,3094769.46
2017-04-17,BTCUSD,1162.31,1192.5,1161,1176.54,3568.83,4210491.81
2017-04-18,BTCUSD,1176.54,1210,1175.95,1202.58,5514.17,6636764.68
2017-04-19,BTCUSD,1202.58,1209.99,1190,1203.98,6046.52,7247878.76
2017-04-20,BTCUSD,1203.98,1243.88,1201.66,1234.19,5970.91,7299836.83
2017-04-21,BTCUSD,1234.19,1252.32,1231.65,1243.61,4984.49,6189234.63
2017-04-22,BTCUSD,1243.61,1247.15,1199,1233.2,4122.37,5065733.74
2017-04-23,BTCUSD,1233.2,1248.99,1223.42,1241.99,2604.72,3219987.14
2017-04-24,BTCUSD,1241.99,1254,1234,1253.58,3048.04,3787704.79
2017-04-25,BTCUSD,1253.58,1280,1251.07,1269,5249.77,6651231.27
2017-04-26,BTCUSD,1269,1330,1265,1287.99,8685.55,11237494.55
2017-04-27,BTCUSD,1287.99,1342.02,1285,1331.53,6668.0,8807415.32
2017-04-28,BTCUSD,1331.53,1347.02,1299,1330.7,8234.28,10882526.4
2017-04-29,BTCUSD,1330.7,1342.8,1316,1333,3927.45,5226089.45
2017-04-30,BTCUSD,1333,1356,1315.68,1350.21,3536.18,4718587.81
2017-05-01,BTCUSD,1350.21,1425,1341.22,1390.86,8602.88,11920971.92
2017-05-02,BTCUSD,1390.86,1481.73,1388,1447.75,8920.17,12835457.62
2017-05-03,BTCUSD,1447.75,1516.04,1431.02,1503.22,11052.34,16342395.53
2017-05-04,BTCUSD,1503.22,1623.01,1444.94,1537.23,18824.97,29012554.52
2017-05-05,BTCUSD,1537.23,1609,1495,1514.9,15601.41,24254113.78
2017-05-06,BTCUSD,1514.9,1578.97,1505,1558.02,7898.17,12174477.83
2017-05-07,BTCUSD,1558.02,1565,1525,1554.01,7667.79,11809645.33
2017-05-08,BTCUSD,1554.01,1653.97,1554.01,1649.54,19232.7,30605645.62
2017-05-09,BTCUSD,1649.54,1760.4,1616.05,1720.28,16793.24,28716399.21
2017-05-10,BTCUSD,1720.28,1794.21,1682,1772.58,11263.87,19694962.35
2017-05-11,BTCUSD,1772.58,1892,1745.01,1828.45,14739.88,26996647.4
2017-05-12,BTCUSD,1828.45,1832,1650,1691.51,17061.7,29854369.28
2017-05-13,BTCUSD,1691.51,1785.82,1601.46,1776.89,10531.58,17796170.28
2017-05-14,BTCUSD,1776.89,1815,1753,1784,4816.73,8585557.39
2017-05-15,BTCUSD,1784,1784,1682.56,1705.48,13312.2,22943567.22
2017-05-16,BTCUSD,1705.48,1750,1641.22,1700.01,16473.76,28117414.51
2017-05-17,BTCUSD,1700.01,1840.42,1670.01,1782.99,17790.68,31587033.39
2017-05-18,BTCUSD,1782.99,1881.8,1766.33,1878.99,11915.2,21764514.72
2017-05-19,BTCUSD,1878.99,1969.99,1874.99,1958,14115.85,27201808.7
2017-05-20,BTCUSD,1958,2021,1914,2013.99,12308.17,24244964.0
2017-05-21,BTCUSD,2013.99,2063.11,1961.52,2017.55,6755.83,13647083.74
2017-05-22,BTCUSD,2017.55,2230.34,2008.75,2099.97,15312.07,32452142.3
2017-05-23,BTCUSD,2099.97,2275,2088.45,2264.23,14138.92,31139771.52
2017-05-24,BTCUSD,2264.23,2481.75,2264.23,2420.29,22143.08,52778575.76
2017-05-25,BTCUSD,2420.29,2760.1,2221,2292.53,32938.03,82965665.93
2017-05-26,BTCUSD,2292.53,2599.12,2060,2279.82,28125.34,66000848.39
2017-05-27,BTCUSD,2279.82,2339.94,1850,2042,26205.92,54093115.87
2017-05-28,BTCUSD,2042,2313.96,2041.48,2178.81,15365.53,33633799.51
2017-05-29,BTCUSD,2178.81,2350,2110,2292.1,12115.83,27345796.01
2017-05-30,BTCUSD,2292.1,2339.08,2160,2203.51,13888.0,31432708.32
2017-05-31,BTCUSD,2203.51,2334,2154.28,2298.01,16275.49,36853820.79
2017-06-01,BTCUSD,2298.01,2456.39,2296.81,2413.63,18392.66,43968591.95
2017-06-02,BTCUSD,2413.63,2489,2370.03,2488.94,12423.32,30173071.82
2017-06-03,BTCUSD,2488.94,2584.34,2445,2540.94,10806.98,27285983.07
2017-06-04,BTCUSD,2540.94,2569,2460,2530.27,8827.27,22259945.52
2017-06-05,BTCUSD,2530.27,2699.35,2525.28,2698,12220.09,31915607.88
2017-06-06,BTCUSD,2698,2933,2689.4,2880.74,26672.53,75184117.96
2017-06-07,BTCUSD,2880.74,2893.28,2612.5,2683.03,16961.13,47189507.3
2017-06-08,BTCUSD,2683.03,2815,2613.13,2806,13248.6,36422409.92
2017-06-09,BTCUSD,2806,2868.23,2780.43,2822.32,8036.31,22701149.15
2017-06-10,BTCUSD,2822.32,2912.98,2800,2899.99,9589.16,27422781.42
2017-06-11,BTCUSD,2899.99,2967.46,2861.53,2954.22,6830.4,19889398.37
2017-06-12,BTCUSD,2954.22,2980,2480.03,2667.06,31530.49,85786969.44
2017-06-13,BTCUSD,2667.06,2783.62,2638.62,2703.02,16035.02,43568709.95
2017-06-14,BTCUSD,2703.02,2801,2320,2450,29466.54,76083640.16
2017-06-15,BTCUSD,2450,2516.2,2120,2424.91,36736.98,84920570.37
2017-06-16,BTCUSD,2424.91,2540,2307.66,2484.68,13800.26,33826420.1
2017-06-17,BTCUSD,2484.68,2674.4,2420.53,2630,11137.71,28555923.68
2017-06-18,BTCUSD,2630,2665,2460.62,2516.98,9423.46,24021728.81
2017-06-19,BTCUSD,2516.98,2598,2480.96,2598,10563.71,26993977.69
2017-06-20,BTCUSD,2598,2783,2581,2740,15891.45,42537518.87
2017-06-21,BTCUSD,2740,2789,2611,2657.04,15671.82,42292796.44
2017-06-22,BTCUSD,2657.04,2740,2594.61,2713.48,10790.79,28950475.51
2017-06-23,BTCUSD,2713.48,2745,2657.46,2685.05,8229.5,22339917.54
2017-06-24,BTCUSD,2685.05,2724.96,2512.13,2557.66,13341.43,34941154.41
2017-06-25,BTCUSD,2557.66,2635.72,2432,2502.03,10339.57,26249953.89
2017-06-26,BTCUSD,2502.03,2550.03,2315.01,2421.22,22086.78,54077563.86
2017-06-27,BTCUSD,2421.22,2565,2291,2565,19109.29,45725060.61
2017-06-28,BTCUSD,2565,2593,2468.01,2559.9,12254.3,31054748.58
2017-06-29,BTCUSD,2559.9,2594.78,2500.31,2541.59,8115.56,20745883.75
2017-06-30,BTCUSD,2541.59,2564.58,2451,2465.49,8711.29,21937499.3
2017-07-01,BTCUSD,2465.49,2517.11,2390,2412.41,8863.07,21694860.67
2017-07-02,BTCUSD,2412.41,2528.72,2374.34,2504.37,8739.52,21373737.73
2017-07-03,BTCUSD,2504.37,2595,2472.68,2550.47,11519.81,29211425.51
2017-07-04,BTCUSD,2550.47,2639.47,2540.07,2596.12,9653.8,25084134.62
2017-07-05,BTCUSD,2596.12,2623,2530.1,2602.9,10880.61,27944609.56
2017-07-06,BTCUSD,2602.9,2614,2522,2600.39,8327.49,21512892.56
2017-07-07,BTCUSD,2600.39,2605,2475,2501.46,9428.99,23866443.45
2017-07-08,BTCUSD,2501.46,2555,2462,2550.07,5400.45,13570951.58
2017-07-09,BTCUSD,2550.07,2564.65,2500.5,2502.28,4481.28,11357689.63
2017-07-10,BTCUSD,2502.28,2527.88,2261.85,2323.45,17285.96,41625857.69
2017-07-11,BTCUSD,2323.45,2399,2242.62,2305.98,17576.48,41135309.34
2017-07-12,BTCUSD,2305.98,2408.84,2239.54,2388,12881.06,30250318.76
2017-07-13,BTCUSD,2388,2425.16,2312.93,2339.99,8427.81,19953094.82
2017-07-14,BTCUSD,2339.99,2357.84,2140,2213.37,12614.31,28223890.84
2017-07-15,BTCUSD,2213.37,2219.99,1967.65,1970.51,19882.2,40917690.02
2017-07-16,BTCUSD,1970.51,2044.44,1830,1917.63,25559.44,49004259.73
2017-07-17,BTCUSD,1917.63,2229.97,1910.57,2226,26427.32,55012387.35
2017-07-18,BTCUSD,2226,2392,2164,2303.71,25186.71,57642999.9
2017-07-19,BTCUSD,2303.71,2402.5,2223,2265.21,17007.92,39243957.64
2017-07-20,BTCUSD,2265.21,2938,2265.21,2875.03,30969.52,80333454.15
2017-07-21,BTCUSD,2875.03,2887.45,2611.39,2670,20713.79,56427932.93
2017-07-22,BTCUSD,2670,2882,2644.59,2832.71,12811.92,35783389.64
2017-07-23,BTCUSD,2832.71,2855,2640,2749.02,11000.53,30306854.43
2017-07-24,BTCUSD,2749.02,2800,2701,2759.98,10001.91,27562683.88
2017-07-25,BTCUSD,2759.98,2775.79,2450,2564.82,21325.75,55118584.1
2017-07-26,BTCUSD,2564.82,2608.96,2400,2524.99,17706.93,44074589.03
2017-07-27,BTCUSD,2524.99,2695,2509.63,2666.33,11825.41,30468221.16
2017-07-28,BTCUSD,2666.33,2825,2655.82,2777.01,14061.36,38653272.36
2017-07-29,BTCUSD,2777.01,2785.65,2631.78,2680.56,10780.01,29153822.62
2017-07-30,BTCUSD,2680.56,2774.45,2569.69,2742.37,9675.59,25842024.03
2017-07-31,BTCUSD,2742.37,2889.99,2680.01,2855.81,11112.43,30771946.97
2017-08-01,BTCUSD,2855.81,2929.17,2615,2731,12518.56,34305116.96
2017-08-02,BTCUSD,2731,2760,2650,2703.51,9478.55,25679084.59
2017-08-03,BTCUSD,2703.51,2807.44,2698.83,2793.37,7963.67,21938228.66
2017-08-04,BTCUSD,2793.37,2877.52,2765.91,2855,7635.81,21650042.13
2017-08-05,BTCUSD,2855,3339.66,2848.32,3263.62,16994.2,53855576.01
2017-08-06,BTCUSD,3263.62,3296.51,3146.1,3222.75,5998.74,19412655.97
2017-08-07,BTCUSD,3222.75,3430,3186,3387.55,12042.05,40212285.97
2017-08-08,BTCUSD,3387.55,3490,3300,3412.41,15829.04,54033180.58
2017-08-09,BTCUSD,3412.41,3423.1,3178.72,3342.99,14270.73,47303195.92
2017-08-10,BTCUSD,3342.99,3448,3311.17,3413.03,9027.65,30646612.36
2017-08-11,BTCUSD,3413.03,3705,3390.67,3645.06,11923.28,41873464.0
2017-08-12,BTCUSD,3645.06,3934,3586.95,3855.1,12340.84,46761411.29
2017-08-13,BTCUSD,3855.1,4190,3841.71,4053.87,15881.43,63638815.67
2017-08-14,BTCUSD,4053.87,4329.43,3964.96,4306.23,14210.19,59827087.21
2017-08-15,BTCUSD,4306.23,4400,3800,4155.67,25498.45,104581194.25
2017-08-16,BTCUSD,4155.67,4379.78,3926.06,4378.84,12923.26,54192791.68
2017-08-17,BTCUSD,4378.84,4480,4167.21,4276.5,14566.12,63198384.95
2017-08-18,BTCUSD,4276.5,4368,3964.96,4100,17329.3,72432096.0
2017-08-19,BTCUSD,4100,4188,3900,4099.55,15034.29,60597363.73
2017-08-20,BTCUSD,4099.55,4125.95,4000,4058.68,6235.95,25281427.99
2017-08-21,BTCUSD,4058.68,4080,3949.78,3987.52,9779.7,39194496.37
2017-08-22,BTCUSD,3987.52,4139.31,3600,4085,23497.56,91500637.87
2017-08-23,BTCUSD,4085,4248.97,4051.94,4108.12,14972.03,62086390.53
2017-08-24,BTCUSD,4108.12,4350,4082.57,4300.34,10779.09,45158907.08
2017-08-25,BTCUSD,4300.34,4449.98,4270,4355.98,9691.7,42239588.77
2017-08-26,BTCUSD,4355.98,4369.78,4232.43,4333.38,6559.28,28226249.72
2017-08-27,BTCUSD,4333.38,4393.3,4290.32,4337.68,3944.92,17115061.37
2017-08-28,BTCUSD,4337.68,4399.72,4169.01,4379.99,8636.26,37056561.52
2017-08-29,BTCUSD,4379.99,4649.78,4336.26,4578.82,11875.02,53470073.42
2017-08-30,BTCUSD,4578.82,4642.22,4479,4573.2,8593.36,39221767.23
2017-08-31,BTCUSD,4573.2,4765.21,4566.66,4734.26,8901.59,41680053.91
2017-09-01,BTCUSD,4734.26,4935,4671.09,4921.7,15349.9,73806190.52
2017-09-02,BTCUSD,4921.7,4979.9,4488.5,4599.9,16968.78,79450494.42
2017-09-03,BTCUSD,4599.9,4700,4385,4606.26,11216.38,51073979.31
2017-09-04,BTCUSD,4606.26,4613.97,4058.5,4277,25014.15,107556542.05
2017-09-05,BTCUSD,4277,4474.88,4001.93,4396.52,20870.95,88387794.12
2017-09-06,BTCUSD,4396.52,4649.23,4356.42,4605.8,16613.84,75215090.16
2017-09-07,BTCUSD,4605.8,4674.34,4475,4615,9248.08,42404174.64
2017-09-08,BTCUSD,4615,4679.97,4125.99,4312,23654.99,103400550.32
2017-09-09,BTCUSD,4312,4379.78,4164,4308.72,9970.37,42672278.95
2017-09-10,BTCUSD,4308.72,4322.44,4010,4226.22,14714.59,61000822.58
2017-09-11,BTCUSD,4226.22,4353.49,4092.4,4207.31,11154.82,46993960.17
2017-09-12,BTCUSD,4207.31,4377.65,4080,4172.56,13251.77,56085500.46
2017-09-13,BTCUSD,4172.56,4179.14,3720.01,3865.34,29518.25,115047415.38
2017-09-14,BTCUSD,3865.34,3921.74,3210,3227.79,41197.76,145677912.44
2017-09-15,BTCUSD,3227.79,3820,2977,3700.01,59782.68,201603301.27
2017-09-16,BTCUSD,3700.01,3872.9,3500,3678.93,23098.16,84682175.88
2017-09-17,BTCUSD,3678.93,3772.52,3463,3662.99,11757.1,42610629.87
2017-09-18,BTCUSD,3662.99,4122.7,3659.42,4101.6,17181.29,67884703.07
2017-09-19,BTCUSD,4101.6,4119.7,3848.35,3888.8,15251.89,60296939.36
2017-09-20,BTCUSD,3888.8,4050,3820.56,3874.46,11636.97,45755993.66
2017-09-21,BTCUSD,3874.46,3914,3573,3617.05,17898.73,66991792.86
2017-09-22,BTCUSD,3617.05,3761.84,3514,3612.18,14959.45,54095681.79
2017-09-23,BTCUSD,3612.18,3810.25,3552,3779.17,10105.29,37543313.88
2017-09-24,BTCUSD,3779.17,3783.25,3615,3664.22,6506.91,24002945.44
2017-09-25,BTCUSD,3664.22,3968.59,3658.39,3918,14928.61,57436091.87
2017-09-26,BTCUSD,3918,3970,3850.61,3888.03,9982.65,39095846.8
2017-09-27,BTCUSD,3888.03,4226.73,3870,4199.29,15047.14,61138922.31
2017-09-28,BTCUSD,4199.29,4270.01,4123.5,4184.84,9606.78,40228821.54
2017-09-29,BTCUSD,4184.84,4227.62,4022.02,4164.82,12152.44,50174093.2
2017-09-30,BTCUSD,4164.82,4349,4154.28,4326.09,7484.86,32022657.82
2017-10-01,BTCUSD,4326.09,4377.22,4216,4377.22,7186.75,30767188.12
2017-10-02,BTCUSD,4377.22,4453,4352,4391.48,8257.67,36284325.23
2017-10-03,BTCUSD,4391.48,4425,4218,4315.83,12439.78,53430721.04
2017-10-04,BTCUSD,4315.83,4343,4170.07,4219.53,8495.27,35967135.01
2017-10-05,BTCUSD,4219.53,4358.97,4137.96,4301.09,8403.54,35843264.32
2017-10-06,BTCUSD,4301.09,4425,4278.4,4362.95,8373.72,36536990.19
2017-10-07,BTCUSD,4362.95,4463,4312.82,4423.3,4624.88,20225980.37
2017-10-08,BTCUSD,4423.3,4612,4404.5,4597.98,10072.26,45437977.1
2017-10-09,BTCUSD,4597.98,4865,4541,4764.7,12900.31,60364606.58
2017-10-10,BTCUSD,4764.7,4909.97,4700,4749.29,11657.5,56048025.67
2017-10-11,BTCUSD,4749.29,4869.78,4700,4822.01,9847.43,47163032.6
2017-10-12,BTCUSD,4822.01,5445,4793.66,5445,19885.18,102397248.43
2017-10-13,BTCUSD,5445,5846.43,5380,5653.6,27797.47,155680854.0
2017-10-14,BTCUSD,5653.6,5817.34,5558.26,5801.29,8393.91,47682043.42
2017-10-15,BTCUSD,5801.29,5830,5415,5679.7,11529.17,64387164.5
2017-10-16,BTCUSD,5679.7,5807.11,5548,5745.72,9053.39,51432597.47
2017-10-17,BTCUSD,5745.72,5776.31,5506.78,5597.31,9087.77,50937177.61
2017-10-18,BTCUSD,5597.31,5617.75,5101.36,5582.05,18914.61,101403785.99
2017-10-19,BTCUSD,5582.05,5735.14,5512.06,5698.69,9883.68,55881257.79
2017-10-20,BTCUSD,5698.69,6074,5589.8,5977.29,15052.02,88681234.35
2017-10-21,BTCUSD,5977.29,6180,5871,6013.46,15305.54,92596831.55
2017-10-22,BTCUSD,6013.46,6071.07,5700,5969,12213.02,71783836.81
2017-10-23,BTCUSD,5969,6045.34,5617.75,5871.17,15257.2,89096118.44
2017-10-24,BTCUSD,5871.17,5871.17,5453.01,5523.4,17264.05,97431687.22
2017-10-25,BTCUSD,5523.4,5748,5366,5735.88,12312.35,68165895.28
2017-10-26,BTCUSD,5735.88,5988,5683,5890,11743.86,68819732.17
2017-10-27,BTCUSD,5890,5994.06,5674.06,5771.89,11878.19,68864252.31
2017-10-28,BTCUSD,5771.89,5875.66,5646.18,5730.69,5911.95,33910959.44
2017-10-29,BTCUSD,5730.69,6316.85,5683,6137.37,16067.43,96245243.8
2017-10-30,BTCUSD,6137.37,6229.77,6024.03,6119.99,9573.17,58628072.74
2017-10-31,BTCUSD,6119.99,6449.78,6072.81,6434.21,13388.29,84132031.05
2017-11-01,BTCUSD,6434.21,6756.36,6340.01,6741.59,12942.67,84730388.78
2017-11-02,BTCUSD,6741.59,7354.1,6700,7030,26442.64,184478482.71
2017-11-03,BTCUSD,7030,7500,6925.22,7146.82,15978.77,115885350.37
2017-11-04,BTCUSD,7146.82,7569.9,6994,7388.83,9178.26,66574400.23
2017-11-05,BTCUSD,7388.83,7590,7275.16,7372.72,9211.21,68578104.7
2017-11-06,BTCUSD,7372.72,7421.39,6922.07,6967.68,19290.82,138309426.6
2017-11-07,BTCUSD,6967.68,7244.69,6945,7130.28,11625.97,82573875.36
2017-11-08,BTCUSD,7130.28,7888,7080.01,7450.32,24598.0,182900719.5
2017-11-09,BTCUSD,7450.32,7490,7061.2,7148,14729.52,106479695.18
2017-11-10,BTCUSD,7148,7343.18,6429.44,6588.18,26492.72,180472185.39
2017-11-11,BTCUSD,6588.18,6820,6218,6355.13,14890.46,96465935.17
2017-11-12,BTCUSD,6355.13,6488.88,5555.55,5870.37,37220.5,224990004.1
2017-11-13,BTCUSD,5870.37,6775.75,5846,6525.17,27163.67,173725919.53
2017-11-14,BTCUSD,6525.17,6750,6466.88,6609,12072.05,79508390.54
2017-11-15,BTCUSD,6609,7350,6609,7294,16869.9,119171192.38
2017-11-16,BTCUSD,7294,7976.79,7120.85,7846.96,19272.37,145738327.49
2017-11-17,BTCUSD,7846.96,7997,7528.5,7674.99,17714.37,138124189.43
2017-11-18,BTCUSD,7674.99,7858,7431.54,7771.03,7326.81,56264967.21
2017-11-19,BTCUSD,7771.03,8087.35,7675,8016.58,8307.78,65332064.65
2017-11-20,BTCUSD,8016.58,8269.99,7900,8226.17,8179.46,66366007.81
2017-11-21,BTCUSD,8226.17,8354.46,7770,8095.23,13686.34,110809826.43
2017-11-22,BTCUSD,8095.23,8310.89,8045.76,8214.69,8078.58,66215711.71
2017-11-23,BTCUSD,8214.69,8279.76,7980,7989,7811.79,63644740.39
2017-11-24,BTCUSD,7989,8340,7876,8199.19,9289.99,75751868.75
2017-11-25,BTCUSD,8199.19,8737,8114.78,8717.99,11611.67,97628924.79
2017-11-26,BTCUSD,8717.99,9366.6,8538.2,9271.06,12021.22,108525815.45
2017-11-27,BTCUSD,9271.06,9721.7,9267,9708.07,13272.45,126458117.67
2017-11-28,BTCUSD,9708.07,9968,9582.25,9868.82,11214.93,110496755.85
2017-11-29,BTCUSD,9868.82,11395,9289,9824.68,29509.5,307124764.72
2017-11-30,BTCUSD,9824.68,10618.29,9000,9947.67,25433.46,247093850.76
2017-12-01,BTCUSD,9947.67,10949.89,9370.11,10840.45,16708.03,171881760.62
2017-12-02,BTCUSD,10840.45,11200,10637.69,10872,9267.16,101270084.38
2017-12-03,BTCUSD,10872,11800.01,10513.16,11250,14238.53,160176290.44
2017-12-04,BTCUSD,11250,11613.07,10850,11613.07,13621.48,154122917.9
2017-12-05,BTCUSD,11613.07,11850,11384.25,11677,10910.99,127101844.05
2017-12-06,BTCUSD,11677,13700,11659.8,13623.5,19784.87,250560790.3
2017-12-07,BTCUSD,13623.5,16615.62,13085.9,16599.99,24423.39,362107737.05
2017-12-08,BTCUSD,16599.99,16666.66,13482.42,15800,25473.4,389366035.09
2017-12-09,BTCUSD,15800,15998.5,12701.05,14607.49,15763.56,227938370.13
2017-12-10,BTCUSD,14607.49,15385,13011,14691,18487.98,263150668.0
2017-12-11,BTCUSD,14691,17270,14677.19,16470,16583.72,270203844.28
2017-12-12,BTCUSD,16470,17428.42,15967.29,16650.01,12511.23,210743301.62
2017-12-13,BTCUSD,16650.01,17107.03,15497.69,16250,17136.71,281640493.79
2017-12-14,BTCUSD,16250,16830.45,15852.69,16404.99,13409.52,219263192.46
2017-12-15,BTCUSD,16404.99,17934,16337.19,17471.5,18998.39,329337014.76
2017-12-16,BTCUSD,17471.5,19377,17269.99,19187.78,9761.22,179906034.64
2017-12-17,BTCUSD,19187.78,19666,18465,18953,9749.25,186310530.76
2017-12-18,BTCUSD,18953,19220,17835.2,18940.57,14678.94,273533539.4
2017-12-19,BTCUSD,18940.57,19160.79,16831.26,17700,21528.14,387206242.38
2017-12-20,BTCUSD,17700,17950,15343.04,16466.98,31172.23,521350550.61
2017-12-21,BTCUSD,16466.98,17281.17,15005,15600.01,20377.86,326730689.65
2017-12-22,BTCUSD,15600.01,15795.61,11159.93,14009.79,57444.16,772329454.8
2017-12-23,BTCUSD,14009.79,15756.22,13496.48,14619,21786.41,322120599.56
2017-12-24,BTCUSD,14619,14619.1,12488,14157.87,18519.49,250476423.64
2017-12-25,BTCUSD,14157.87,14650,13210,13911.28,11564.54,161347357.08
2017-12-26,BTCUSD,13911.28,16147.87,13746.95,15764.44,15051.16,230922569.15
2017-12-27,BTCUSD,15764.44,16480.52,14484,15364.93,15643.75,241860985.13
2017-12-28,BTCUSD,15364.93,15474.19,13500,14470.07,16557.22,234428578.54
2017-12-29,BTCUSD,14470.07,15111,13998,14340,13505.7,195727638.77
2017-12-30,BTCUSD,14340,14463.28,12050,12640,21749.67,285985550.32
2017-12-31,BTCUSD,12640,14296.06,12491.21,13880,11583.42,154552644.47
2018-01-01,BTCUSD,13880,13941.75,12801.38,13443.41,7688.03,102815718.45
2018-01-02,BTCUSD,13443.41,15257.53,12910.58,14678.94,16299.67,229138844.08
2018-01-03,BTCUSD,14678.94,15500,14546.28,15155.62,12275.0,183639413.74
2018-01-04,BTCUSD,15155.62,15430.27,14192.37,15143.67,15004.02,222160244.49
2018-01-05,BTCUSD,15143.67,17200,14810,16928,16248.91,259695892.85
2018-01-06,BTCUSD,16928,17234.99,16220,17149.67,9501.02,158389594.51
2018-01-07,BTCUSD,17149.67,17149.97,15707.16,16124.02,8632.81,141555094.16
2018-01-08,BTCUSD,16124.02,16300,13900,14999.99,16684.13,251991683.91
2018-01-09,BTCUSD,14999.99,15367.18,14123.97,14403.51,13913.52,204579121.58
2018-01-10,BTCUSD,14403.51,14900,13412,14890.02,18479.01,261210687.03
2018-01-11,BTCUSD,14890.02,14973.07,12800,13243.83,19630.08,266846190.81
2018-01-12,BTCUSD,13243.83,14152.19,12807.27,13781.41,13433.08,183399343.52
2018-01-13,BTCUSD,13781.41,14619.1,13781.41,14197.78,7488.99,106595650.09
2018-01-14,BTCUSD,14197.78,14365.81,13072.22,13647.99,7588.64,102783826.66
2018-01-15,BTCUSD,13647.99,14394.36,13429.25,13607.04,9444.64,131049852.36
2018-01-16,BTCUSD,13607.04,13607.04,10162,11386.34,38789.88,457725763.37
2018-01-17,BTCUSD,11386.34,11794.07,9222,11191.35,41356.19,433168120.05
2018-01-18,BTCUSD,11191.35,12146,10693,11247.57,22195.26,256082649.98
2018-01-19,BTCUSD,11247.57,12050.39,11025.18,11552,13203.26,151834406.42
2018-01-20,BTCUSD,11552,13052.12,11515.94,12775.99,10324.06,128912075.53
2018-01-21,BTCUSD,12775.99,12791.88,11100,11558.87,11596.44,137150604.64
2018-01-22,BTCUSD,11558.87,11910.78,10028.41,10808.99,17067.73,186028930.55
2018-01-23,BTCUSD,10808.99,11409.87,9927.54,10851.82,17250.18,184369293.73
2018-01-24,BTCUSD,10851.82,11500,10488.13,11400.96,11646.79,128825119.68
2018-01-25,BTCUSD,11400.96,11741.82,10868.57,11155.54,10212.92,115421975.03
2018-01-26,BTCUSD,11155.54,11635,10263.32,11092.95,15074.67,164020352.52
2018-01-27,BTCUSD,11092.95,11630.47,10815.84,11446.54,10309.81,116376809.52
2018-01-28,BTCUSD,11446.54,11989.15,11360.52,11685.58,9956.09,116531522.53
2018-01-29,BTCUSD,11685.58,11820.01,10991,11162.62,9996.36,112806531.76
2018-01-30,BTCUSD,11162.62,11222.36,9731.2,9971,21082.19,219169216.36
2018-01-31,BTCUSD,9971,10324,9514.96,10149,12743.51,126723437.34
2018-02-01,BTCUSD,10149,10187.56,8455,8998.99,26356.59,243067799.6
2018-02-02,BTCUSD,8998.99,9096.79,7625.25,8838.83,51005.6,426760116.12
2018-02-03,BTCUSD,8838.83,9491.2,8170.71,9225.86,16208.37,144713399.47
2018-02-04,BTCUSD,9225.86,9350.09,7825,8191,19110.67,162005632.56
2018-02-05,BTCUSD,8191,8335.56,6600,6874.27,46544.43,342210634.65
2018-02-06,BTCUSD,6874.27,8150,5920.72,7737.37,70961.37,487504446.04
2018-02-07,BTCUSD,7737.37,8649,7213.8,7588.01,32640.89,260674865.84
2018-02-08,BTCUSD,7588.01,8644.36,7565.5,8259.76,22746.39,187157997.66
2018-02-09,BTCUSD,8259.76,8779.62,7753.32,8693.98,18418.12,152040059.86
2018-02-10,BTCUSD,8693.98,9090.8,8170.86,8560,14670.56,127082570.69
2018-02-11,BTCUSD,8560,8560,7820,8067,12711.79,103542540.61
2018-02-12,BTCUSD,8067,8995,8067,8899,15071.04,130557481.61
2018-02-13,BTCUSD,8899,8951.89,8360.13,8522.99,11374.52,97689771.64
2018-02-14,BTCUSD,8522.99,9515,8504.57,9490.98,17468.74,158839393.25
2018-02-15,BTCUSD,9490.98,10234,9350,10018,21036.34,206814744.85
2018-02-16,BTCUSD,10018,10300,9707.51,10196,11857.64,118860367.74
2018-02-17,BTCUSD,10196,11135.83,10053.5,11101,14511.17,155314935.18
2018-02-18,BTCUSD,11101,11300,10153.15,10421.06,17623.08,188724919.34
2018-02-19,BTCUSD,10421.06,11262.48,10307.51,11173,11698.26,127802568.07
2018-02-20,BTCUSD,11173,11780,11080.37,11233.41,15880.91,182156478.02
2018-02-21,BTCUSD,11233.41,11275.74,10256,10449.4,19959.68,215353691.94
2018-02-22,BTCUSD,10449.4,10935,9731.2,9843.34,20204.69,206051152.36
2018-02-23,BTCUSD,9843.34,10405.3,9600,10166.1,16044.04,160782973.05
2018-02-24,BTCUSD,10166.1,10540.63,9373.48,9689.99,13972.71,137805304.52
2018-02-25,BTCUSD,9689.99,9883.41,9260,9590.04,11037.18,105367249.25
2018-02-26,BTCUSD,9590.04,10461.97,9376.34,10324.7,16156.81,162306362.39
2018-02-27,BTCUSD,10324.7,10850,10150,10566.3,10408.48,110086762.8
2018-02-28,BTCUSD,10566.3,11064.75,10255.07,10314.9,10490.75,111457734.83
2018-03-01,BTCUSD,10314.9,11090,10223.41,10903.13,9481.67,101712406.73
2018-03-02,BTCUSD,10903.13,11175,10774.01,11029.99,8329.1,91455982.5
2018-03-03,BTCUSD,11029.99,11503.24,11022.85,11445,7786.27,88241259.78
2018-03-04,BTCUSD,11445,11511,11054.91,11463.27,6831.63,77060624.28
2018-03-05,BTCUSD,11463.27,11688,11383.66,11419.24,9933.68,114638102.24
2018-03-06,BTCUSD,11419.24,11420.01,10560.19,10723.76,14734.42,161507885.73
2018-03-07,BTCUSD,10723.76,10911.78,9450,9913.03,26116.51,264099759.78
2018-03-08,BTCUSD,9913.03,10150,9078.95,9285.32,22522.43,217370120.92
2018-03-09,BTCUSD,9285.32,9420.39,8366,9230,29014.17,257069817.58
2018-03-10,BTCUSD,9230,9514.96,8697,8791.47,12886.59,118146982.45
2018-03-11,BTCUSD,8791.47,9768.37,8450,9535.04,16407.54,149758874.77
2018-03-12,BTCUSD,9535.04,9892,8742.07,9120.75,18751.02,175103380.07
2018-03-13,BTCUSD,9120.75,9482.79,8830,9142.32,16001.48,146461539.25
2018-03-14,BTCUSD,9142.32,9356.14,7948,8196.69,21191.02,182210730.85
2018-03-15,BTCUSD,8196.69,8425,7682,8265.05,18387.61,148610946.85
2018-03-16,BTCUSD,8265.05,8613.06,7914.08,8258.54,16498.62,137219222.82
2018-03-17,BTCUSD,8258.54,8356.4,7730.23,7860.83,12048.67,97294029.18
2018-03-18,BTCUSD,7860.83,8324.92,7325.37,8188.24,19547.36,150315447.64
2018-03-19,BTCUSD,8188.24,8718.74,8114.17,8596.93,19396.09,162448296.19
2018-03-20,BTCUSD,8596.93,9051,8313.01,8904.02,13454.82,116496170.95
2018-03-21,BTCUSD,8904.02,9188.1,8754.83,8893.79,12101.0,108594771.1
2018-03-22,BTCUSD,8893.79,9099.59,8503.52,8704.67,12587.63,109923828.13
2018-03-23,BTCUSD,8704.67,8920.79,8265,8920.79,13749.78,117134344.45
2018-03-24,BTCUSD,8920.79,9020,8505,8547,9731.98,85811618.32
2018-03-25,BTCUSD,8547,8680,8368.63,8453.9,9155.91,78013217.69
2018-03-26,BTCUSD,8453.9,8500,7831.15,8149.66,17693.42,145246518.54
2018-03-27,BTCUSD,8149.66,8211.62,7742.11,7791.7,12385.25,98488415.19
2018-03-28,BTCUSD,7791.7,8104.98,7723.03,7932.41,8437.64,66890222.86
2018-03-29,BTCUSD,7932.41,7968,6914.53,7088.38,22138.11,163975079.77
2018-03-30,BTCUSD,7088.38,7302.35,6550,6850,29101.45,199556780.67
2018-03-31,BTCUSD,6850,7231.73,6794.26,6928.62,11579.6,81326187.47
2018-04-01,BTCUSD,6928.62,7045.71,6427.16,6813.52,18046.94,121116431.4
2018-04-02,BTCUSD,6813.52,7106.5,6759.96,7052.76,13624.16,95159965.02
2018-04-03,BTCUSD,7052.76,7506.84,7001.28,7416.27,16089.54,118019785.63
2018-04-04,BTCUSD,7416.27,7430,6710.38,6799.95,15779.2,110954121.84
2018-04-05,BTCUSD,6799.95,6928.7,6578.95,6771.69,11894.54,80262665.41
2018-04-06,BTCUSD,6771.69,6850,6510,6618.33,8478.42,56294477.9
2018-04-07,BTCUSD,6618.33,7069.13,6600.99,6904.9,7683.04,52984840.5
2018-04-08,BTCUSD,6904.9,7104.52,6894.8,7027.26,4352.7,30482451.72
2018-04-09,BTCUSD,7027.26,7175.83,6611.49,6780.1,10103.92,69104966.97
2018-04-10,BTCUSD,6780.1,6900,6653.21,6835.67,6480.19,43978750.45
2018-04-11,BTCUSD,6835.67,6984.92,6809.26,6940.94,5825.41,40165964.26
2018-04-12,BTCUSD,6940.94,8069.34,6758.45,7923.78,19033.38,143664243.1
2018-04-13,BTCUSD,7923.78,8239.33,7753.32,7896.92,19605.94,157461506.32
2018-04-14,BTCUSD,7896.92,8232.14,7835,8000.41,8935.53,71681139.86
2018-04-15,BTCUSD,8000.41,8417,8000.41,8354.22,7542.84,62269321.05
2018-04-16,BTCUSD,8354.22,8424.99,7905,8048.15,10866.6,87993966.21
2018-04-17,BTCUSD,8048.15,8160.85,7806.81,7890.87,9277.15,74462014.27
2018-04-18,BTCUSD,7890.87,8235,7870.35,8172.84,9227.2,74525247.42
2018-04-19,BTCUSD,8172.84,8297.99,8074.44,8271.31,9436.85,77478927.09
2018-04-20,BTCUSD,8271.31,8934,8216.9,8861,16059.62,136267900.24
2018-04-21,BTCUSD,8861,9023.4,8608,8920.71,15336.31,134950187.05
2018-04-22,BTCUSD,8920.71,9036.52,8760,8789.96,9346.45,83089020.81
2018-04-23,BTCUSD,8789.96,9006.39,8771.22,8946.95,10286.12,91446649.76
2018-04-24,BTCUSD,8946.95,9737.16,8930,9648,20460.51,190711801.45
2018-04-25,BTCUSD,9648,9755.53,8751,8864.99,33035.9,303220038.56
2018-04-26,BTCUSD,8864.99,9326.79,8647.29,9274.48,20042.97,178009104.47
2018-04-27,BTCUSD,9274.48,9387.82,8901.09,8921.43,11375.51,104644754.14
2018-04-28,BTCUSD,8921.43,9442.34,8854.47,9345.11,15558.4,143728558.95
2018-04-29,BTCUSD,9345.11,9538.75,9180,9393.99,10940.72,102349678.47
2018-04-30,BTCUSD,9393.99,9443.96,9111,9242.17,8085.69,74978446.9
2018-05-01,BTCUSD,9242.17,9249.99,8815.91,9066.9,12138.26,109028331.07
2018-05-02,BTCUSD,9066.9,9259.16,8975.23,9222,10575.17,96344037.24
2018-05-03,BTCUSD,9222,9799.99,9165.19,9732.43,11670.8,109943721.45
2018-05-04,BTCUSD,9732.43,9784.73,9527.38,9696.57,7326.05,70716940.7
2018-05-05,BTCUSD,9696.57,9948.98,9670.68,9823.28,7403.11,72754286.99
2018-05-06,BTCUSD,9823.28,9918.41,9375,9623.54,8155.58,78150008.85
2018-05-07,BTCUSD,9623.54,9634.5,9175,9359.52,13616.35,127010639.85
2018-05-08,BTCUSD,9359.52,9450,9015,9167.69,11418.31,105415298.03
2018-05-09,BTCUSD,9167.69,9368.79,8974.62,9308.49,11368.83,104305920.46
2018-05-10,BTCUSD,9308.49,9393,8987.74,9020.99,11764.98,108645338.13
2018-05-11,BTCUSD,9020.99,9020.99,8351,8411.42,20383.93,177279927.98
2018-05-12,BTCUSD,8411.42,8652.8,8208.81,8481.6,15464.93,130051000.66
2018-05-13,BTCUSD,8481.6,8775.9,8335.56,8696.58,9835.22,84280724.78
2018-05-14,BTCUSD,8696.58,8900.9,8286.57,8674.36,18861.94,162135043.55
2018-05-15,BTCUSD,8674.36,8865,8400,8474.99,12391.83,107036084.46
2018-05-16,BTCUSD,8474.99,8505.33,8100.01,8346.59,12705.12,105058169.86
2018-05-17,BTCUSD,8346.59,8500,7980,8067.03,8259.12,68210896.57
2018-05-18,BTCUSD,8067.03,8275.1,7929.53,8248.87,7181.2,58093499.64
2018-05-19,BTCUSD,8248.87,8395,8141.08,8231.2,3784.08,31243933.28
2018-05-20,BTCUSD,8231.2,8590,8170.71,8518.48,5315.0,44509496.32
2018-05-21,BTCUSD,8518.48,8589.1,8320,8391.76,6126.97,51780405.45
2018-05-22,BTCUSD,8391.76,8417.65,7951.41,7984.08,9101.06,74532297.79
2018-05-23,BTCUSD,7984.08,8032.01,7435.49,7502.89,17635.9,136149933.06
2018-05-24,BTCUSD,7502.89,7733.99,7267.24,7586.88,11648.37,87486613.44
2018-05-25,BTCUSD,7586.88,7661.07,7328.13,7471.18,10088.84,75352118.7
2018-05-26,BTCUSD,7471.18,7622.87,7276.04,7335.99,4043.56,30225159.43
2018-05-27,BTCUSD,7335.99,7412.57,7213.09,7347.39,3144.45,22995002.76
2018-05-28,BTCUSD,7347.39,7445,7084.99,7112.5,6583.63,47652142.66
2018-05-29,BTCUSD,7112.5,7537,7026.9,7469.45,11049.92,80814280.45
2018-05-30,BTCUSD,7469.45,7559,7273.89,7375.73,8940.45,66460464.15
2018-05-31,BTCUSD,7375.73,7601.23,7330.22,7492.28,7339.01,55144260.57
2018-06-01,BTCUSD,7492.28,7620.01,7348.45,7511.6,6762.63,50587954.66
2018-06-02,BTCUSD,7511.6,7700,7438.92,7642,4012.17,30475405.25
2018-06-03,BTCUSD,7642,7790.69,7581.03,7703.67,4729.21,36376196.76
2018-06-04,BTCUSD,7703.67,7764.44,7449.68,7488.26,6990.55,52874207.37
2018-06-05,BTCUSD,7488.26,7685,7360,7617.98,9968.46,74707307.08
2018-06-06,BTCUSD,7617.98,7695.46,7482.61,7658.57,7058.06,53677946.08
2018-06-07,BTCUSD,7658.57,7750,7618.99,7689.28,7545.01,58063422.6
2018-06-08,BTCUSD,7689.28,7697,7542,7618.11,4676.56,35622819.63
2018-06-09,BTCUSD,7618.11,7686.45,7468.31,7492.7,2713.78,20619323.12
2018-06-10,BTCUSD,7492.7,7498,6627.7,6781.17,14392.7,100255171.17
2018-06-11,BTCUSD,6781.17,6919.97,6634.86,6880.61,11409.52,77070641.46
2018-06-12,BTCUSD,6880.61,6880.76,6461.42,6557.67,8827.6,59092996.24
2018-06-13,BTCUSD,6557.67,6624.45,6120,6307.4,19190.5,122786788.14
2018-06-14,BTCUSD,6307.4,6708.1,6270.69,6646.1,14185.84,92121861.87
2018-06-15,BTCUSD,6646.1,6666.66,6370,6390.6,7132.21,46685086.33
2018-06-16,BTCUSD,6390.6,6557.81,6333.63,6487.92,3553.7,22957650.67
2018-06-17,BTCUSD,6487.92,6575.35,6429.23,6453.41,2828.76,18412428.55
2018-06-18,BTCUSD,6453.41,6793,6381.25,6707.5,5940.17,38916063.79
2018-06-19,BTCUSD,6707.5,6841.81,6660.21,6736.52,5443.68,36644831.8
2018-06-20,BTCUSD,6736.52,6809.26,6558.95,6756.58,5193.77,34692917.9
2018-06-21,BTCUSD,6756.58,6792.2,6677.85,6718.33,4837.32,32564408.83
2018-06-22,BTCUSD,6718.33,6737.97,5940,6050.45,18544.14,116516606.03
2018-06-23,BTCUSD,6050.45,6261,6048.54,6177.38,4585.87,28145734.06
2018-06-24,BTCUSD,6177.38,6255.05,5780,6153.4,11423.59,68399360.49
2018-06-25,BTCUSD,6153.4,6365.34,6075.01,6253.61,9689.69,60122649.66
2018-06-26,BTCUSD,6253.61,6277,6025.68,6068,7751.62,47951768.39
2018-06-27,BTCUSD,6068,6181.11,5985,6135.64,7446.86,45361890.94
2018-06-28,BTCUSD,6135.64,6165.49,5818.14,5848.33,8878.4,53453287.6
2018-06-29,BTCUSD,5848.33,6299,5774.72,6204.24,12067.37,71636732.3
2018-06-30,BTCUSD,6204.24,6510,6190.28,6385.71,6915.09,44052425.65
2018-07-01,BTCUSD,6385.71,6438.55,6259.34,6349.99,4160.71,26417260.54
2018-07-02,BTCUSD,6349.99,6667.57,6270.69,6612.98,8799.8,57156646.61
2018-07-03,BTCUSD,6612.98,6666,6464.39,6507.99,5924.87,39007361.17
2018-07-04,BTCUSD,6507.99,6792.28,6413.2,6584.25,6706.73,44104610.98
2018-07-05,BTCUSD,6584.25,6700,6445.31,6533.69,7692.22,50623962.16
2018-07-06,BTCUSD,6533.69,6636.15,6449.76,6596.53,5457.67,35714562.2
2018-07-07,BTCUSD,6596.53,6820,6510,6759.99,4842.8,32039126.13
2018-07-08,BTCUSD,6759.99,6783.54,6674.6,6706.6,5145.85,34673975.5
2018-07-09,BTCUSD,6706.6,6814.72,6620,6666.75,7165.22,48058466.98
2018-07-10,BTCUSD,6666.75,6683.9,6270.84,6299.46,9163.02,59079611.2
2018-07-11,BTCUSD,6299.46,6400,6285,6380,6370.14,40422766.09
2018-07-12,BTCUSD,6380,6380,6072,6243.88,7792.47,48264011.74
2018-07-13,BTCUSD,6243.88,6337.25,6121.01,6215.59,5901.3,36792068.82
2018-07-14,BTCUSD,6215.59,6317.84,6180,6243.98,2584.73,16131386.29
2018-07-15,BTCUSD,6243.98,6397.21,6227.76,6349.3,3556.29,22531808.77
2018-07-16,BTCUSD,6349.3,6755,6333.63,6721.04,9404.06,61776752.48
2018-07-17,BTCUSD,6721.04,7468.31,6657.95,7310.71,12703.3,89443629.79
2018-07-18,BTCUSD,7310.71,7599.98,7239.15,7374.88,13347.88,99059622.37
2018-07-19,BTCUSD,7374.88,7570.9,7278.84,7471.42,8803.25,65189565.07
2018-07-20,BTCUSD,7471.42,7696.88,7265,7330.84,9379.17,69721139.88
2018-07-21,BTCUSD,7330.84,7458,7212,7409.92,4049.81,29657027.95
2018-07-22,BTCUSD,7409.92,7581.03,7336.15,7396.6,5107.98,38059816.24
2018-07-23,BTCUSD,7396.6,7800,7369.86,7719.62,12572.45,96571278.24
2018-07-24,BTCUSD,7719.62,8496.96,7691.14,8403.83,18707.41,151310569.73
2018-07-25,BTCUSD,8403.83,8475,8049.22,8174.06,10348.07,85270824.58
2018-07-26,BTCUSD,8174.06,8314.23,7855.97,7926,8091.87,65857948.72
2018-07-27,BTCUSD,7926,8274.98,7798.48,8183.05,8701.77,69758485.99
2018-07-28,BTCUSD,8183.05,8259,8051.43,8237.74,2765.68,22600879.91
2018-07-29,BTCUSD,8237.74,8299.99,8109.74,8216.74,3980.28,32668116.63
2018-07-30,BTCUSD,8216.74,8295,7853.01,8160.21,11785.89,95521277.83
2018-07-31,BTCUSD,8160.21,8162.37,7633.67,7725.43,11994.09,94080198.8
2018-08-01,BTCUSD,7725.43,7761.56,7440,7602.01,11406.77,86275617.41
2018-08-02,BTCUSD,7602.01,7709.98,7455,7536.37,5262.24,39925363.02
2018-08-03,BTCUSD,7536.37,7542.92,7286.41,7416.98,9585.78,70899644.26
2018-08-04,BTCUSD,7416.98,7494.48,6926,7009.99,6831.75,48822594.49
2018-08-05,BTCUSD,7009.99,7086.8,6888.88,7032.61,6039.14,42187260.05
2018-08-06,BTCUSD,7032.61,7157.93,6835.06,6936.11,7317.64,50894029.07
2018-08-07,BTCUSD,6936.11,7155,6671,6717.68,10039.39,69592717.09
2018-08-08,BTCUSD,6717.68,6717.68,6121,6283.59,14668.57,94168057.74
2018-08-09,BTCUSD,6283.59,6627,6190.01,6543.76,9484.89,60575830.64
2018-08-10,BTCUSD,6543.76,6584.05,5995.75,6139.99,14096.01,89098710.78
2018-08-11,BTCUSD,6139.99,6178.45,6000,6106.72,2962.08,18082857.15
2018-08-12,BTCUSD,6106.72,6106.72,6106.72,6106.72,0.0,0.0
2018-08-13,BTCUSD,6310.82,6544.37,6142.2,6252.63,8896.68,56397569.36
2018-08-14,BTCUSD,6252.63,6254.02,5880,6193.62,14235.27,86043410.14
2018-08-15,BTCUSD,6193.62,6628.5,6186.02,6272.3,12501.11,80080675.52
2018-08-16,BTCUSD,6272.3,6477.57,6208.37,6313.51,7099.26,45050489.22
2018-08-17,BTCUSD,6313.51,6584.49,6290.64,6580.15,6635.58,42963411.49
2018-08-18,BTCUSD,6580.15,6615,6303,6399.28,3496.8,22509757.3
2018-08-19,BTCUSD,6399.28,6545,6312,6481.99,3138.71,20144658.35
2018-08-20,BTCUSD,6481.99,6522.99,6223.9,6260.82,6254.82,40034740.55
2018-08-21,BTCUSD,6260.82,6513.28,6246.05,6479.27,5655.04,36215468.25
2018-08-22,BTCUSD,6479.27,6906.81,6250,6355.76,11955.65,78180267.29
2018-08-23,BTCUSD,6355.76,6575.99,6344.8,6525.01,4028.43,25923311.05
2018-08-24,BTCUSD,6525.01,6721.09,6445.32,6692.94,6374.54,41835350.65
2018-08-25,BTCUSD,6692.94,6800,6664.25,6732.4,4980.65,33427519.44
2018-08-26,BTCUSD,6732.4,6775.34,6558.95,6700.46,3475.72,23147173.65
2018-08-27,BTCUSD,6700.46,6944.47,6641.35,6904.51,5863.69,39516728.82
2018-08-28,BTCUSD,6904.51,7125.28,6861.17,7080.94,8222.25,57566051.75
2018-08-29,BTCUSD,7080.94,7124.06,6890,7032.96,5730.98,40314346.33
2018-08-30,BTCUSD,7032.96,7055.97,6792.85,6984.01,6875.26,47500189.24
2018-08-31,BTCUSD,6984.01,7101.03,6879,7017.35,5790.38,40424258.59
2018-09-01,BTCUSD,7017.35,7300.18,7015.22,7185.01,4590.46,32867138.36
2018-09-02,BTCUSD,7185.01,7334.5,7130.63,7290.31,3297.69,23897118.98
2018-09-03,BTCUSD,7290.31,7340.08,7184,7258.99,2829.88,20542456.31
2018-09-04,BTCUSD,7258.99,7411.85,7231,7361,4531.15,33221323.53
2018-09-05,BTCUSD,7361,7387,6650,6679.3,12408.8,87114382.02
2018-09-06,BTCUSD,6679.3,6705.59,6253.29,6493.09,14674.02,94114515.67
2018-09-07,BTCUSD,6493.09,6525,6322,6400,6541.97,42087647.0
2018-09-08,BTCUSD,6400,6465.46,6113.23,6178.31,4284.19,26909063.9
2018-09-09,BTCUSD,6178.31,6451.51,6094.38,6236.04,4104.31,25806798.06
2018-09-10,BTCUSD,6236.04,6351.13,6223.9,6301.99,5371.73,33758141.37
2018-09-11,BTCUSD,6301.99,6405,6162.06,6279.99,7076.8,44475428.53
2018-09-12,BTCUSD,6279.99,6350,6192.89,6322.45,4282.16,26839702.05
2018-09-13,BTCUSD,6322.45,6537.46,6322.45,6485.7,6985.35,45125974.32
2018-09-14,BTCUSD,6485.7,6587,6384.36,6476.51,4598.02,29850883.84
2018-09-15,BTCUSD,6476.51,6570.1,6466.74,6520.15,1328.82,8662492.76
2018-09-16,BTCUSD,6520.15,6524.84,6349.47,6499.98,1098.63,7093170.71
2018-09-17,BTCUSD,6499.98,6530.24,6200,6254.52,4386.89,27739081.67
2018-09-18,BTCUSD,6254.52,6390,6226.63,6332.34,4196.47,26460916.64
2018-09-19,BTCUSD,6332.34,6510,6100,6388.4,7232.08,45772818.07
2018-09-20,BTCUSD,6388.4,6535.11,6333.63,6492.98,5177.65,33213278.94
2018-09-21,BTCUSD,6492.98,6775.34,6483.83,6749.45,8569.99,57182294.26
2018-09-22,BTCUSD,6749.45,6826.28,6624.79,6710.01,5491.81,36794402.76
2018-09-23,BTCUSD,6710.01,6774.91,6659,6702.22,3248.8,21797275.0
2018-09-24,BTCUSD,6702.22,6721.68,6550.96,6581.52,4030.73,26700208.64
2018-09-25,BTCUSD,6581.52,6581.52,6324.96,6428.99,8206.62,52637968.01
2018-09-26,BTCUSD,6428.99,6540,6379.44,6461.51,4295.93,27796306.37
2018-09-27,BTCUSD,6461.51,6736.85,6431.95,6681.62,5664.85,37174589.12
2018-09-28,BTCUSD,6681.62,6792.28,6525.67,6610.76,7642.05,50899264.34
2018-09-29,BTCUSD,6610.76,6610.76,6454,6579.38,3382.02,22128320.87
2018-09-30,BTCUSD,6579.38,6628.06,6510,6597.81,2482.7,16324644.28
2018-10-01,BTCUSD,6597.81,6638.15,6477.57,6571.2,4796.04,31458261.98
2018-10-02,BTCUSD,6571.2,6597,6447.28,6500,4116.13,26864363.52
2018-10-03,BTCUSD,6500,6510,6396.34,6456.77,4774.76,30760590.45
2018-10-04,BTCUSD,6456.77,6604.89,6450.58,6547.56,3832.7,25105506.15
2018-10-05,BTCUSD,6547.56,6641.35,6510,6582.12,3807.27,24952327.06
2018-10-06,BTCUSD,6582.12,6595.69,6526.28,6544.08,2022.78,13254229.65
2018-10-07,BTCUSD,6544.08,6600,6493.92,6577.63,2455.66,16093496.64
2018-10-08,BTCUSD,6577.63,6656.63,6541.06,6604.75,4079.04,26896727.81
2018-10-09,BTCUSD,6604.75,6623.14,6553.13,6588.8,2254.95,14848937.23
2018-10-10,BTCUSD,6588.8,6589.79,6387.91,6517.55,5177.07,33606177.89
2018-10-11,BTCUSD,6517.55,6520.43,6055.28,6152.76,9616.24,59646337.39
2018-10-12,BTCUSD,6152.76,6243.79,6109.79,6185.15,3246.38,20109494.41
2018-10-13,BTCUSD,6185.15,6219.77,6168.83,6199.69,1954.05,12104441.16
2018-10-14,BTCUSD,6199.69,6349.47,6143.08,6183,2525.74,15747443.03
2018-10-15,BTCUSD,6183,6756,6149.28,6441.74,16895.89,109101087.19
2018-10-16,BTCUSD,6441.74,6441.74,6412.95,6426.71,28.43,182669.06
2018-10-17,BTCUSD,6461.2,6465.39,6407.69,6437.29,2961.26,19059528.81
2018-10-18,BTCUSD,6437.29,6490,6350,6396.18,3823.17,24539602.73
2018-10-19,BTCUSD,6396.18,6412.4,6355.99,6383.46,2290.06,14619039.59
2018-10-20,BTCUSD,6383.46,6424.16,6363.02,6412.86,1261.98,8074213.59
2018-10-21,BTCUSD,6412.86,6470,6401.01,6413.38,1541.01,9913980.56
2018-10-22,BTCUSD,6413.38,6429.23,6372.53,6406.06,2407.54,15414714.1
2018-10-23,BTCUSD,6406.06,6421.58,6354.26,6393.41,2851.01,18228502.55
2018-10-24,BTCUSD,6393.41,6473,6393,6411.96,3535.34,22732295.2
2018-10-25,BTCUSD,6411.96,6422.73,6361.73,6393.53,3046.6,19490730.26
2018-10-26,BTCUSD,6393.53,6450.3,6377.81,6406.1,3323.83,21303202.37
2018-10-27,BTCUSD,6406.1,6420.01,6381.25,6407.66,890.13,5701110.62
2018-10-28,BTCUSD,6407.66,6420,6383,6405.57,839.3,5373482.3
2018-10-29,BTCUSD,6405.57,6420,6208.37,6266.52,5190.82,32694346.11
2018-10-30,BTCUSD,6266.52,6289,6240,6269.46,2523.58,15805196.34
2018-10-31,BTCUSD,6269.46,6350,6199.25,6303.27,5148.08,32332283.69
2018-11-01,BTCUSD,6303.27,6365.33,6288.01,6340.99,2190.97,13838359.44
2018-11-02,BTCUSD,6340.99,6381.25,6328.33,6350.43,2678.07,17012019.32
2018-11-03,BTCUSD,6350.43,6351.74,6312.48,6335,1084.14,6864460.65
2018-11-04,BTCUSD,6335,6475,6310.57,6421.76,2673.81,17116581.48
2018-11-05,BTCUSD,6421.76,6441.43,6369.89,6403.2,2335.49,14954709.15
2018-11-06,BTCUSD,6403.2,6460.01,6378.24,6447.5,4270.33,27417937.89
2018-11-07,BTCUSD,6447.5,6544,6442.47,6501,4800.82,31247977.06
2018-11-08,BTCUSD,6501,6511.27,6388.88,6405.49,3966.97,25570494.65
2018-11-09,BTCUSD,6405.49,6418.18,6307,6325,3218.13,20476250.47
2018-11-10,BTCUSD,6325,6377.26,6323,6349.32,1523.39,9677159.37
2018-11-11,BTCUSD,6349.32,6365,6269.46,6357.54,1718.27,10854216.52
2018-11-12,BTCUSD,6357.54,6388.21,6298.5,6318,3526.04,22378566.05
2018-11-13,BTCUSD,6318,6328.36,6244.35,6260.91,3630.56,22827592.59
2018-11-14,BTCUSD,6260.91,6298.47,5324,5595.91,25121.93,143987644.22
2018-11-15,BTCUSD,5595.91,5641,5199.8,5585,19945.91,108872516.92
2018-11-16,BTCUSD,5585,5610,5411.74,5508.71,8074.61,44657465.08
2018-11-17,BTCUSD,5508.71,5550.66,5452.63,5503.36,2732.79,14991835.84
2018-11-18,BTCUSD,5503.36,5658.47,5500,5559.26,2576.46,14290586.72
2018-11-19,BTCUSD,5559.26,5559.69,4694.44,4735.44,28910.67,147178633.81
2018-11-20,BTCUSD,4735.44,4897.36,4048.58,4352,39775.39,177352795.25
2018-11-21,BTCUSD,4352,4635,4242.33,4538.01,20678.25,92027869.73
2018-11-22,BTCUSD,4538.01,4589.53,4194.98,4275.23,10258.46,45481714.05
2018-11-23,BTCUSD,4275.23,4364.46,4061.02,4288.26,13322.78,56383826.96
2018-11-24,BTCUSD,4288.26,4376.88,3638.48,3785.65,14236.74,56563010.22
2018-11-25,BTCUSD,3785.65,4120,3474.73,3938.89,26969.95,101709290.06
2018-11-26,BTCUSD,3938.89,4069.59,3522.28,3727.34,24357.88,92772590.95
2018-11-27,BTCUSD,3727.34,3834.35,3548.76,3771.01,16814.0,62225242.1
2018-11-28,BTCUSD,3771.01,4355.08,3771,4220.16,22983.71,94257707.8
2018-11-29,BTCUSD,4220.16,4409.77,4086.97,4249.8,15944.01,67532605.27
2018-11-30,BTCUSD,4249.8,4300,3861,3971.06,14364.62,58011049.46
2018-12-01,BTCUSD,3971.06,4264.47,3904.34,4140.39,6412.23,26273733.31
2018-12-02,BTCUSD,4140.39,4265,4030,4102.05,7019.16,28949962.29
2018-12-03,BTCUSD,4102.05,4115.15,3747,3834.34,10726.68,41858808.87
2018-12-04,BTCUSD,3834.34,4033.98,3730,3903.52,12249.94,47819573.3
2018-12-05,BTCUSD,3903.52,3913.62,3662.35,3696.69,13443.22,50827904.39
2018-12-06,BTCUSD,3696.69,3844.79,3415.22,3437.26,15480.97,56597884.5
2018-12-07,BTCUSD,3437.26,3531,3210,3380.68,26513.23,88893035.82
2018-12-08,BTCUSD,3380.68,3495.99,3241,3398.8,10176.35,34421391.56
2018-12-09,BTCUSD,3398.8,3633.2,3371.09,3529.75,8011.02,27994455.42
2018-12-10,BTCUSD,3529.75,3588.43,3355,3408,10375.27,35762233.99
2018-12-11,BTCUSD,3408,3427.27,3292.65,3355.86,8857.38,29739779.88
2018-12-12,BTCUSD,3353.42,3490,3325.7,3430.18,7284.1,24838992.74
2018-12-13,BTCUSD,3430.18,3441.13,3221.14,3262.73,11715.02,39159173.14
2018-12-14,BTCUSD,3262.73,3294.81,3135.55,3195.75,14437.51,46477267.85
2018-12-15,BTCUSD,3195.75,3230,3122.28,3179.54,5814.87,18443151.4
2018-12-16,BTCUSD,3179.54,3259.43,3178.23,3193.78,6033.51,19434090.5
2018-12-17,BTCUSD,3193.78,3590,3181.26,3496.73,16389.79,55606991.78
2018-12-18,BTCUSD,3496.73,3684,3422.77,3667.16,13792.36,48496928.95
2018-12-19,BTCUSD,3667.16,3924.01,3642.69,3684.5,21125.61,79545514.15
2018-12-20,BTCUSD,3684.5,4172.07,3656.75,4073.77,25986.85,103366906.75
2018-12-21,BTCUSD,4073.77,4162,3770,3841.08,16967.23,67233453.96
2018-12-22,BTCUSD,3841.08,4010.16,3780.09,3980.9,7697.6,29734295.27
2018-12-23,BTCUSD,3980.9,4051,3900,3943.83,4609.89,18332110.09
2018-12-24,BTCUSD,3943.83,4236.84,3943.83,4036,12017.92,49649616.36
2018-12-25,BTCUSD,4036,4049.23,3674.73,3779.99,11801.43,44622786.99
2018-12-26,BTCUSD,3779.99,3863.34,3678.8,3810.01,10064.18,37995283.76
2018-12-27,BTCUSD,3810.01,3841.17,3566,3591.69,11850.01,43869266.6
2018-12-28,BTCUSD,3591.69,3970,3575,3884.97,13055.72,48891063.49
2018-12-29,BTCUSD,3884.97,3961.85,3702.51,3725.48,6901.38,26691913.7
2018-12-30,BTCUSD,3725.48,3870,3688.76,3835.79,5736.45,21721262.52
2018-12-31,BTCUSD,3835.79,3842.89,3630,3693.3,6667.16,25010761.82
2019-01-01,BTCUSD,3693.3,3845.46,3629.66,3823.44,5149.61,19109447.54
2019-01-02,BTCUSD,3823.44,3918.67,3770,3885.87,5534.47,21204092.85
2019-01-03,BTCUSD,3885.87,3893.4,3760,3787.81,4803.25,18338723.9
2019-01-04,BTCUSD,3787.81,3850.33,3732.38,3817.71,7452.06,28220044.67
2019-01-05,BTCUSD,3817.71,3887.09,3780,3791.84,3656.38,14020879.43
2019-01-06,BTCUSD,3791.84,4090,3753,4040.71,5400.71,21427648.65
2019-01-07,BTCUSD,4040.71,4070,3964.01,4005.45,7445.1,29916081.14
2019-01-08,BTCUSD,4005.45,4112,3934.73,3994.9,11819.99,47481852.77
2019-01-09,BTCUSD,3994.9,4060,3948.44,4002.13,7390.13,29620536.33
2019-01-10,BTCUSD,4002.13,4036.22,3503.44,3627.51,16118.42,60604856.02
2019-01-11,BTCUSD,3627.51,3704.6,3569.85,3632.02,10571.08,38424235.36
2019-01-12,BTCUSD,3632.02,3650.35,3557.09,3617.13,3184.35,11535036.6
2019-01-13,BTCUSD,3617.13,3654.02,3476,3515.95,5908.52,20934352.45
2019-01-14,BTCUSD,3515.95,3714,3506,3664.28,9925.99,35847383.46
2019-01-15,BTCUSD,3664.28,3687.02,3534.68,3576.93,8059.82,29241212.44
2019-01-16,BTCUSD,3576.93,3669,3570.48,3605.91,7675.07,27663336.54
2019-01-17,BTCUSD,3605.91,3660,3534.25,3638.01,7499.53,27014864.27
2019-01-18,BTCUSD,3638.01,3641.9,3577,3609.21,5023.51,18143547.92
2019-01-19,BTCUSD,3609.21,3774,3602.6,3681,4080.88,15092405.4
2019-01-20,BTCUSD,3681,3703.27,3470,3536.72,5591.02,19980428.35
2019-01-21,BTCUSD,3536.72,3573.29,3485.58,3531.51,5821.9,20586618.86
2019-01-22,BTCUSD,3531.51,3615.8,3401.36,3576.81,6877.06,24400934.5
2019-01-23,BTCUSD,3576.81,3620.23,3518,3552.32,6170.84,21996453.75
2019-01-24,BTCUSD,3552.32,3598,3524,3570.73,4488.01,15953466.43
2019-01-25,BTCUSD,3570.73,3578.79,3511,3560,4961.8,17617604.18
2019-01-26,BTCUSD,3560,3657.89,3536.51,3555.56,2697.88,9670775.28
2019-01-27,BTCUSD,3555.56,3564.12,3456,3533.23,3852.66,13626083.66
2019-01-28,BTCUSD,3533.23,3536.77,3357.3,3429.5,10345.1,35519461.33
2019-01-29,BTCUSD,3429.5,3438.76,3322.19,3390.5,7284.39,24704685.92
2019-01-30,BTCUSD,3390.5,3465.05,3372.34,3437.35,5704.02,19556298.64
2019-01-31,BTCUSD,3437.35,3474.2,3392.6,3413.11,5951.82,20359058.48
2019-02-01,BTCUSD,3413.11,3460,3364.53,3434.83,6659.85,22735654.44
2019-02-02,BTCUSD,3434.83,3485,3406.38,3462.82,3051.96,10489394.68
2019-02-03,BTCUSD,3462.82,3476.33,3384.67,3414.82,2813.89,9626058.84
2019-02-04,BTCUSD,3414.82,3439.46,3394.85,3410.87,3244.08,11074078.68
2019-02-05,BTCUSD,3410.87,3435,3396,3431.39,4045.63,13840265.57
2019-02-06,BTCUSD,3431.39,3445.6,3328.7,3364.62,6137.41,20699744.76
2019-02-07,BTCUSD,3364.62,3383.29,3350,3359.33,4293.56,14448057.46
2019-02-08,BTCUSD,3359.33,3711.04,3337.91,3622.94,14388.65,50248129.15
2019-02-09,BTCUSD,3622.94,3639.74,3589.52,3622.62,4054.5,14659227.17
2019-02-10,BTCUSD,3622.62,3662.43,3576.16,3650.37,4155.51,14996011.74
2019-02-11,BTCUSD,3650.37,3652.56,3578.7,3588.7,7931.41,28525625.69
2019-02-12,BTCUSD,3588.7,3619.93,3548.28,3585.94,10074.82,36046410.87
2019-02-13,BTCUSD,3585.94,3629.81,3541,3574.93,7992.74,28613304.74
2019-02-14,BTCUSD,3574.93,3590.74,3531.01,3560.46,5910.24,21082913.21
2019-02-15,BTCUSD,3560.46,3620.53,3544.88,3566.29,6234.77,22272512.65
2019-02-16,BTCUSD,3566.29,3609,3561.96,3579.92,3442.48,12350121.59
2019-02-17,BTCUSD,3579.92,3663.34,3553.98,3625.6,5012.46,18011276.28
2019-02-18,BTCUSD,3625.6,3916.47,3614.82,3869.8,15567.08,58674557.93
2019-02-19,BTCUSD,3869.8,4000,3840.08,3888.46,12525.14,48910408.18
2019-02-20,BTCUSD,3888.46,3967.52,3861.49,3936.53,9854.35,38561744.99
2019-02-21,BTCUSD,3936.53,3989.99,3866.25,3900.4,8055.8,31475910.64
2019-02-22,BTCUSD,3900.4,3957,3882.59,3939.82,6593.86,25879991.77
2019-02-23,BTCUSD,3939.82,4157.87,3905.63,4113.53,7966.32,32028687.87
2019-02-24,BTCUSD,4113.53,4190,3714.42,3730.68,13737.01,53603410.05
2019-02-25,BTCUSD,3730.68,3861.81,3730.68,3820.71,8835.36,33543603.92
2019-02-26,BTCUSD,3820.71,3830,3760.09,3795.06,6543.16,24837831.57
2019-02-27,BTCUSD,3795.06,3822.85,3658.19,3798.47,7602.3,28706835.35
2019-02-28,BTCUSD,3798.47,3897.62,3755,3791.36,6747.88,25746719.72
2019-03-01,BTCUSD,3791.36,3845.3,3789.5,3807.05,4761.41,18170862.43
2019-03-02,BTCUSD,3807.05,3818.75,3760,3810.46,3259.74,12393751.74
2019-03-03,BTCUSD,3810.46,3822.39,3756,3789.52,2508.09,9523416.42
2019-03-04,BTCUSD,3789.52,3806.9,3670,3698.66,7293.72,27105164.09
2019-03-05,BTCUSD,3698.66,3877.1,3690,3844.07,7280.82,27498624.65
2019-03-06,BTCUSD,3844.07,3895.12,3808.8,3851.55,6402.68,24600354.34
2019-03-07,BTCUSD,3851.55,3891.04,3826.13,3856.64,7964.51,30756305.29
2019-03-08,BTCUSD,3856.64,3924.37,3760.1,3844.64,7707.4,29803213.62
2019-03-09,BTCUSD,3844.64,3950.25,3835.66,3916.43,5125.9,19985226.61
2019-03-10,BTCUSD,3916.43,3916.43,3862,3897.92,3000.61,11673773.43
2019-03-11,BTCUSD,3897.92,3912.89,3812.64,3849.25,6612.12,25515157.45
2019-03-12,BTCUSD,3849.25,3877.69,3791.07,3859.74,5794.61,22283818.22
2019-03-13,BTCUSD,3859.74,3874.68,3820,3848.48,4275.54,16469275.85
2019-03-14,BTCUSD,3848.48,3903.98,3775.01,3854.77,5167.57,19886126.85
2019-03-15,BTCUSD,3854.77,3912.06,3843.09,3901.21,6411.98,24876260.54
2019-03-16,BTCUSD,3901.21,4040,3899.12,3990,6959.48,27724833.66
2019-03-17,BTCUSD,3990,3992.42,3927.28,3965.5,2711.95,10744212.34
2019-03-18,BTCUSD,3965.5,4016.63,3929.83,3969.59,5420.23,21505812.16
2019-03-19,BTCUSD,3969.59,3985,3967.57,3978.58,180.41,717627.91
2019-04-01,BTCUSD,4096.08,4150,4052.56,4136.32,7232.99,29807202.33
2019-04-02,BTCUSD,4136.32,5080,4130.64,4899.63,30678.76,144752149.29
2019-04-03,BTCUSD,4899.63,5345,4800.5,4978.23,29321.27,148435658.41
2019-04-04,BTCUSD,4978.23,5077.35,4778.59,4907.94,15898.12,78840978.39
2019-04-05,BTCUSD,4907.94,5067.62,4883.83,5039.73,13023.75,64917443.58
2019-04-06,BTCUSD,5039.73,5240,4900,5041.39,10049.84,51017111.46
2019-04-07,BTCUSD,5041.39,5253.49,5028.3,5190.85,10872.52,55878707.92
2019-04-08,BTCUSD,5190.85,5347.37,5127.68,5287.88,13344.98,69911564.04
2019-04-09,BTCUSD,5287.88,5288.95,5136.01,5192.6,9410.35,49074999.2
2019-04-10,BTCUSD,5192.6,5466.06,5161,5323.47,10723.93,56733870.63
2019-04-11,BTCUSD,5323.47,5344.31,4966.87,5040.2,15052.96,77058519.38
2019-04-12,BTCUSD,5040.2,5122.48,4912,5076.35,8057.04,40611392.58
2019-04-13,BTCUSD,5076.35,5122.01,5033.73,5063.63,4520.44,22996133.34
2019-04-14,BTCUSD,5063.63,5185.26,5012.73,5162.72,3443.45,17507405.65
2019-04-15,BTCUSD,5162.72,5192.01,4948.57,5027.31,7423.01,37886833.04
2019-04-16,BTCUSD,5027.31,5231.96,5014.77,5202.43,7675.4,39252097.87
2019-04-17,BTCUSD,5202.43,5275.07,5170.01,5233.72,6741.08,35182213.53
2019-04-18,BTCUSD,5233.72,5325,5218.23,5281.58,6375.9,33581379.58
2019-04-19,BTCUSD,5281.58,5357.96,5180.37,5289.91,5285.61,27787551.02
2019-04-20,BTCUSD,5289.91,5362.97,5253.82,5318.89,3665.57,19479087.79
2019-04-21,BTCUSD,5318.89,5346.91,5212.8,5295.65,4631.04,24426951.87
2019-04-22,BTCUSD,5295.65,5439.12,5249,5386.8,7127.11,38003121.44
2019-04-23,BTCUSD,5386.8,5627,5363.24,5531.32,10132.4,56135134.06
2019-04-24,BTCUSD,5531.32,5623.3,5372,5440.95,10521.04,57671142.74
2019-04-25,BTCUSD,5440.95,5510,4991.42,5132.55,9893.94,52721094.6
2019-04-26,BTCUSD,5132.55,5291.48,5046.31,5155.19,15033.1,77511527.5
2019-04-27,BTCUSD,5155.19,5218.31,5113,5168.91,4041.33,20859890.06
2019-04-28,BTCUSD,5168.91,5213.23,5099,5160.98,3957.25,20435452.59
2019-04-29,BTCUSD,5160.98,5191.96,5071.58,5149.11,5753.62,29624138.31
2019-04-30,BTCUSD,5149.11,5287.4,5127.05,5269,5055.27,26344656.3
2019-05-01,BTCUSD,5269,5357.96,5263.03,5318.42,4209.28,22327344.49
2019-05-02,BTCUSD,5318.42,5422.94,5304.99,5385,5908.52,31718265.13
2019-05-03,BTCUSD,5385,5796.56,5363.1,5658.22,12700.59,71710767.76
2019-05-04,BTCUSD,5658.22,5846.13,5510,5764.65,8525.46,48561070.88
2019-05-05,BTCUSD,5764.65,5782.55,5624.25,5709.32,5162.56,29525690.05
2019-05-06,BTCUSD,5709.32,5755.79,5562.44,5685.46,6826.98,38600438.32
2019-05-07,BTCUSD,5685.46,5970,5685.46,5899.07,4759.47,27902856.45
2019-05-08,BTCUSD,5751.54,5986,5658.66,5940.89,6320.41,36919597.99
2019-05-09,BTCUSD,5940.89,6172,5932.83,6156.7,9081.24,54837077.64
2019-05-10,BTCUSD,6156.7,6426.8,6105,6342.84,13821.71,86993043.92
2019-05-11,BTCUSD,6342.84,7445,6338.93,7217.47,22331.44,154120013.56
2019-05-12,BTCUSD,7217.47,7585,6762.57,6974.35,27398.21,196853127.65
2019-05-13,BTCUSD,6974.35,8167.5,6863.75,7810.05,27299.34,207721775.3
2019-05-14,BTCUSD,7810.05,8335.56,7618.99,7986,18881.44,151041058.58
2019-05-15,BTCUSD,7986,8300,7838,8208.69,16613.07,133855606.84
2019-05-16,BTCUSD,8208.69,8390.95,7654.93,7880,17078.7,136561637.63
2019-05-17,BTCUSD,7880,7942.09,6178,7351.71,27307.58,195598026.61
2019-05-18,BTCUSD,7351.71,7493.85,7205.57,7260.12,7564.9,55459642.04
2019-05-19,BTCUSD,7260.12,8299.99,7247.86,8200,15595.27,123932797.58
2019-05-20,BTCUSD,8200,8200,7581.03,8005.64,13426.79,106107178.84
2019-05-21,BTCUSD,8005.64,8117.48,7676.27,7955.16,7518.56,59705615.64
2019-05-22,BTCUSD,7955.16,8049.22,7505.69,7624.95,8396.82,65846626.43
2019-05-23,BTCUSD,7624.95,7980,7468.31,7880.22,8370.36,64573988.33
2019-05-24,BTCUSD,7880.22,8188.87,7795.95,7999.02,9358.97,75015715.38
2019-05-25,BTCUSD,7999.02,8158.45,7939.76,8064.64,3361.65,27074799.57
2019-05-26,BTCUSD,8064.64,8802.29,7888.91,8733.26,8526.81,71863220.7
2019-05-27,BTCUSD,8733.26,8939.18,8653.68,8770.73,8948.02,78657195.1
2019-05-28,BTCUSD,8770.73,8817.41,8540.94,8717.96,6144.01,53514184.13
2019-05-29,BTCUSD,8717.96,8762.39,8421.12,8663.41,7584.26,65411714.73
2019-05-30,BTCUSD,8663.41,9096.79,8000,8277.76,15259.59,130901794.23
2019-05-31,BTCUSD,8277.76,8589.99,8109.74,8547.2,9957.91,83009912.02
2019-06-01,BTCUSD,8547.2,8624.72,8457.33,8556.27,5167.05,44144370.37
2019-06-02,BTCUSD,8556.27,8833.97,8546.01,8734.49,4263.04,37098988.77
2019-06-03,BTCUSD,8734.49,8745.96,8049.22,8103.64,9955.03,84089274.15
2019-06-04,BTCUSD,8103.64,8103.64,7432.84,7665.53,15485.7,120977317.96
2019-06-05,BTCUSD,7665.53,7924.48,7570.9,7785.94,9193.71,71403852.94
2019-06-06,BTCUSD,7785.94,7878.62,7449.68,7806.07,8738.67,67238735.51
2019-06-07,BTCUSD,7806.07,8134.99,7758.93,8001.25,9012.1,71665291.08
2019-06-08,BTCUSD,8001.25,8061.12,7777.67,7932.27,4870.12,38536604.55
2019-06-09,BTCUSD,7932.27,7966.58,7511.41,7632.99,3895.85,30121891.88
2019-06-10,BTCUSD,7632.99,8090,7523.16,8021.1,7150.59,56100688.22
2019-06-11,BTCUSD,8021.1,8057.32,7713.34,7919.1,5552.69,43736594.89
2019-06-12,BTCUSD,7919.1,8266,7821.73,8176.27,8577.16,69114902.53
2019-06-13,BTCUSD,8176.27,8335.56,8049.22,8238,7237.8,59224703.04
2019-06-14,BTCUSD,8238,8737.37,8174.92,8697.54,8678.25,72939450.9
2019-06-15,BTCUSD,8697.54,8911.98,8623.52,8857.19,5275.75,46136638.05
2019-06-16,BTCUSD,8857.19,9391.85,8805,8974.19,15018.85,136949106.53
2019-06-17,BTCUSD,8974.19,9477.7,8973.02,9333.48,12760.96,118055249.83
2019-06-18,BTCUSD,9333.48,9361.87,8918,9078.84,11327.45,103380451.5
2019-06-19,BTCUSD,9078.84,9325.85,9036.19,9278.27,4687.26,42898235.43
2019-06-20,BTCUSD,9278.27,9600,9211.08,9534.99,7870.32,73844684.38
2019-06-21,BTCUSD,9534.99,10229.49,9534.97,10222.12,12553.1,123290085.49
2019-06-22,BTCUSD,10222.12,11200,10085.5,10661.3,13709.3,146874837.08
2019-06-23,BTCUSD,10661.3,11247.62,10483.33,10831.95,7270.65,78614343.38
2019-06-24,BTCUSD,10831.95,11099,10551.51,11029.63,8247.39,89425712.76
2019-06-25,BTCUSD,11029.63,11796.37,11000.02,11751.01,12133.57,137485305.05
2019-06-26,BTCUSD,11751.01,13880,11647.07,12920.54,37487.8,476983027.94
2019-06-27,BTCUSD,12920.54,13355.61,10300,11153.74,36106.96,417050294.03
2019-06-28,BTCUSD,11153.74,12447.46,10739.1,12354.43,18718.1,218180576.58
2019-06-29,BTCUSD,12354.43,12386.76,11317.03,11858.62,12266.0,144889140.81
2019-06-30,BTCUSD,11858.62,12200.06,10651.3,10760.1,12642.62,142891926.13
2019-07-01,BTCUSD,10760.1,11200.41,9950,10577.43,22917.44,243205448.54
2019-07-02,BTCUSD,10577.43,10942.63,9614.08,10828.9,20285.25,206617402.08
2019-07-03,BTCUSD,10828.9,12009,10828.9,11967.43,19389.85,220385744.08
2019-07-04,BTCUSD,11967.43,12061.04,11052.74,11146.34,11185.29,130996748.9
2019-07-05,BTCUSD,11146.34,11440,10769.15,10997.84,11893.44,132207381.38
2019-07-06,BTCUSD,10997.84,11735,10982.89,11240,7892.18,90077908.73
2019-07-07,BTCUSD,11240,11627,11083.76,11469.96,6683.06,75851416.72
2019-07-08,BTCUSD,11469.96,12398,11332.19,12286.14,11901.9,142163191.22
2019-07-09,BTCUSD,12286.14,12883.48,12030.43,12567.23,15115.55,188848935.9
2019-07-10,BTCUSD,12567.23,13200,11550,12098.95,19838.39,248386820.65
2019-07-11,BTCUSD,12098.95,12104.97,10966.81,11349.24,18468.69,212707393.65
2019-07-12,BTCUSD,11349.24,11942.39,11083.52,11808.91,9176.68,105982547.45
2019-07-13,BTCUSD,11808.91,11846.61,10810,11378.79,9391.35,105947622.16
2019-07-14,BTCUSD,11378.79,11467.3,10090,10191.87,12170.41,129392649.07
2019-07-15,BTCUSD,10191.87,11080.37,9855,10850,16048.03,166452851.72
2019-07-16,BTCUSD,10850,11042.11,9366,9412.81,20761.03,207176966.83
2019-07-17,BTCUSD,9412.81,9993,9049.54,9699.35,16992.79,161878855.06
2019-07-18,BTCUSD,9699.35,10797,9280.33,10648.6,18289.54,184684478.59
2019-07-19,BTCUSD,10648.6,10776.99,10102.58,10535.43,13787.46,143864052.15
2019-07-20,BTCUSD,10535.43,11120,10359.17,10750.11,9964.67,106763959.49
2019-07-21,BTCUSD,10750.11,10839.09,10325,10600.24,5628.16,59511306.04
2019-07-22,BTCUSD,10600.24,10686.89,10052.25,10328.83,9371.31,97152157.16
2019-07-23,BTCUSD,10328.83,10328.83,9801.88,9847.02,9040.85,90667673.97
2019-07-24,BTCUSD,9847.02,9911.5,9514.96,9763.67,9433.35,91609723.74
2019-07-25,BTCUSD,9763.67,10187,9734.19,9883.96,6377.96,63834998.12
2019-07-26,BTCUSD,9883.96,9897.46,9650,9846.94,5570.11,54443100.84
2019-07-27,BTCUSD,9846.94,10235,9299,9481.37,9614.1,92385636.33
2019-07-28,BTCUSD,9481.37,9634.5,9111,9533.19,3860.83,36403147.17
2019-07-29,BTCUSD,9533.19,9725.17,9360,9495.39,5068.65,48310068.33
2019-07-30,BTCUSD,9495.39,9775,9373.48,9593.62,5533.97,52939667.09
2019-07-31,BTCUSD,9593.62,10143.2,9574.09,10085.34,7917.51,78200173.69
2019-08-01,BTCUSD,10085.34,10499,9878.09,10407.71,7681.73,77733048.8
2019-08-02,BTCUSD,10407.71,10670,10318.47,10529.51,9286.86,97381562.11
2019-08-03,BTCUSD,10529.51,10919,10502.8,10821.52,6996.12,75441657.32
2019-08-04,BTCUSD,10821.52,11085.99,10564.96,10986.96,7556.33,81929591.53
2019-08-05,BTCUSD,10986.96,11959.36,10986.55,11800,17260.46,201353715.36
2019-08-06,BTCUSD,11800,12325,11200,11470,16420.58,193547554.62
2019-08-07,BTCUSD,11470,12145.42,11388.01,11971.57,15480.46,182167600.37
2019-08-08,BTCUSD,11971.57,12061.1,11450.93,11983.43,10144.46,119651274.84
2019-08-09,BTCUSD,11983.43,12040,11650,11859.32,7336.91,86686857.78
2019-08-10,BTCUSD,11859.32,11976.68,11200,11273.2,7447.25,85889772.9
2019-08-11,BTCUSD,11273.2,11589.73,11080.37,11528.73,4361.39,49596364.04
2019-08-12,BTCUSD,11528.73,11551.57,11194.04,11385.11,3417.71,38863136.43
2019-08-13,BTCUSD,11385.11,11446.94,10738.58,10862.28,9003.18,99425694.62
2019-08-14,BTCUSD,10862.28,10862.28,9888.57,10022.99,12678.94,131558630.97
2019-08-15,BTCUSD,10022.99,10444.66,9467.57,10301.44,15083.17,149955048.45
2019-08-16,BTCUSD,10301.44,10540,9736.96,10354.34,11080.4,112415461.63
2019-08-17,BTCUSD,10354.34,10472.93,9974.51,10210.89,3907.53,39960850.31
2019-08-18,BTCUSD,10210.89,10515,10065.41,10318.99,3398.42,35070670.11
2019-08-19,BTCUSD,10318.99,10940,10267.56,10927.3,8044.02,85921192.47
2019-08-20,BTCUSD,10927.3,10955.48,10549.74,10772.22,5883.6,63258208.57
2019-08-21,BTCUSD,10772.22,10807.54,9853.45,10134.75,9812.62,99715196.71
2019-08-22,BTCUSD,10134.75,10238.29,9755.53,10112.01,6710.31,67141742.8
2019-08-23,BTCUSD,10112.01,10479,10051,10401.6,5557.29,57205208.91
2019-08-24,BTCUSD,10401.6,10432,9885.48,10149.7,5106.56,51560324.93
2019-08-25,BTCUSD,10149.7,10355.89,9907.86,10136.75,3953.4,39932862.82
2019-08-26,BTCUSD,10136.75,10650,10136.75,10360.97,7166.68,74427752.3
2019-08-27,BTCUSD,10360.97,10375.53,10019.1,10167.29,4781.34,48582567.25
2019-08-28,BTCUSD,10167.29,10280.71,9555,9711.78,9303.16,92139450.46
2019-08-29,BTCUSD,9711.78,9720.2,9320,9490,7717.11,73190665.17
2019-08-30,BTCUSD,9490,9700,9350.1,9579.75,5317.31,50745922.28
2019-08-31,BTCUSD,9579.75,9682.73,9443.19,9594.15,1572.16,15068565.55
2019-09-01,BTCUSD,9594.15,9832,9538.75,9767.53,1799.37,17385154.88
2019-09-02,BTCUSD,9767.53,10471,9753.24,10384.48,6144.8,62231973.86
2019-09-03,BTCUSD,10384.48,10783,10286,10617.61,11443.54,120927751.37
2019-09-04,BTCUSD,10617.61,10834.15,10378.7,10586.26,10088.72,106597637.79
2019-09-05,BTCUSD,10586.26,10664.13,10461.97,10573.66,4555.62,48103450.42
2019-09-06,BTCUSD,10573.66,10949,10204.18,10311.09,10701.51,113795476.17
2019-09-07,BTCUSD,10311.09,10580,10297.58,10484.39,3148.51,32951131.73
2019-09-08,BTCUSD,10484.39,10594.88,10229.49,10400.18,3130.86,32602031.64
2019-09-09,BTCUSD,10400.18,10542.93,10060,10307.45,6059.76,62421152.93
2019-09-10,BTCUSD,10307.45,10390.09,9910,10096,4658.92,47153844.31
2019-09-11,BTCUSD,10096,10243.01,9855.11,10154.46,4614.35,46415583.4
2019-09-12,BTCUSD,10154.46,10465,10027.52,10420.34,4719.05,48386409.65
2019-09-13,BTCUSD,10420.34,10458.13,10153.87,10368.65,3755.42,38681903.56
2019-09-14,BTCUSD,10368.65,10441.47,10217.01,10355.37,2656.15,27508865.4
2019-09-15,BTCUSD,10355.37,10383.2,10258.49,10305.74,2297.72,23678550.44
2019-09-16,BTCUSD,10305.74,10378.07,10060.95,10269.98,5496.04,56202919.44
2019-09-17,BTCUSD,10269.98,10280.53,10130.59,10195.73,5078.6,51836062.12
2019-09-18,BTCUSD,10195.73,10263.65,10080,10152.09,3952.01,40255745.62
2019-09-19,BTCUSD,10152.09,10380.07,9600,10271.53,7455.91,74330211.45
2019-09-20,BTCUSD,10271.53,10308.04,10055,10169.02,4463.38,45340500.13
2019-09-21,BTCUSD,10169.02,10180.43,9913.35,9985.28,4148.9,41546389.89
2019-09-22,BTCUSD,9985.28,10093.24,9842.35,10020.58,3213.95,32059845.82
2019-09-23,BTCUSD,10020.58,10048.06,9606,9682.19,5447.96,53515870.75
2019-09-24,BTCUSD,9682.19,9782,7998,8536.82,28154.41,248668254.7
2019-09-25,BTCUSD,8536.82,8746.83,8216,8432.16,17435.87,147110144.95
2019-09-26,BTCUSD,8432.16,8467.89,7733.99,8055.03,16662.32,135420525.37
2019-09-27,BTCUSD,8055.03,8294.04,7866,8187.72,10165.85,81670753.09
2019-09-28,BTCUSD,8187.72,8356.4,8009.84,8218.07,6315.49,51567016.49
2019-09-29,BTCUSD,8218.07,8244.07,7902.66,8047.6,5366.57,43218226.93
2019-09-30,BTCUSD,8047.6,8368.5,7714.7,8298.45,9518.99,76794640.31
2019-10-01,BTCUSD,8298.45,8531.25,8195.42,8319.01,10224.59,85718023.2
2019-10-02,BTCUSD,8319.01,8393.39,8170.91,8373.42,4952.53,40874459.88
2019-10-03,BTCUSD,8373.42,8419.23,8029.14,8239.92,8701.12,71397271.09
2019-10-04,BTCUSD,8239.92,8244.93,7986.65,8152.07,6278.78,51161374.46
2019-10-05,BTCUSD,8152.07,8195,8016.26,8145.17,4445.1,36017535.45
2019-10-06,BTCUSD,8145.17,8176.46,7772.71,7854.12,6454.54,51315707.4
2019-10-07,BTCUSD,7854.12,8313.7,7763.54,8205.53,9363.33,75585498.65
2019-10-08,BTCUSD,8205.53,8344.12,8109.74,8178.54,3577.72,29364663.64
2019-10-09,BTCUSD,8178.54,8707.8,8110,8586.34,11634.19,98328556.67
2019-10-10,BTCUSD,8586.34,8666.84,8450.61,8582.11,7435.43,63608562.98
2019-10-11,BTCUSD,8582.11,8820,8222.88,8265.55,7824.59,66027648.86
2019-10-12,BTCUSD,8265.55,8427.76,8254.68,8303.43,1828.83,15246382.98
2019-10-13,BTCUSD,8303.43,8474.48,8132.91,8282.96,4445.28,37082713.92
2019-10-14,BTCUSD,8282.96,8416.67,8215.41,8362.99,4294.61,35705415.19
2019-10-15,BTCUSD,8362.99,8420.85,8086,8155.13,5044.66,41647353.51
2019-10-16,BTCUSD,8155.13,8179.1,7912.66,7995.89,8644.4,69316753.57
2019-10-17,BTCUSD,7995.89,8130.71,7936.71,8073.32,5395.89,43466038.76
2019-10-18,BTCUSD,8073.32,8120.77,7811.62,7955.08,5611.09,44500999.58
2019-10-19,BTCUSD,7955.08,8096.76,7875,7960.49,3461.13,27557421.1
2019-10-20,BTCUSD,7960.49,8314.77,7874.68,8235.74,6358.92,51422182.22
2019-10-21,BTCUSD,8235.74,8352,8156,8213.65,4919.73,40461008.14
2019-10-22,BTCUSD,8213.65,8314.77,7989.15,8025.9,5678.93,46474242.56
2019-10-23,BTCUSD,8025.9,8052.04,7293.55,7470.77,13306.18,100801574.42
2019-10-24,BTCUSD,7470.77,7512,7356,7435,4997.42,37210305.43
2019-10-25,BTCUSD,7435,8784.29,7393.14,8662.66,19113.8,157079122.1
2019-10-26,BTCUSD,8662.66,10350,8642.46,9252.75,38751.8,364431123.25
2019-10-27,BTCUSD,9252.75,9819.92,9092.66,9557.08,17783.03,169009332.26
2019-10-28,BTCUSD,9557.08,9950,9177.84,9216.44,14722.02,139923976.28
2019-10-29,BTCUSD,9216.44,9573.35,9051.48,9426.94,9059.61,85007062.39
2019-10-30,BTCUSD,9426.94,9437.06,8985.25,9159.94,8814.44,80752701.08
2019-10-31,BTCUSD,9159.94,9438.61,8961.53,9150.07,10113.16,92792853.95
2019-11-01,BTCUSD,9150.07,9303.53,9054.6,9250.45,6640.55,60832091.54
2019-11-02,BTCUSD,9250.45,9396.91,9201.19,9304.75,2701.14,25075118.41
2019-11-03,BTCUSD,9304.75,9384.32,9067,9207,2539.22,23311544.34
2019-11-04,BTCUSD,9207,9586.5,9122.33,9410.76,4962.44,46348340.77
2019-11-05,BTCUSD,9410.76,9485,9165.2,9320.14,4979.58,46449230.61
2019-11-06,BTCUSD,9320.14,9448.19,9254.68,9344.78,4670.23,43617190.04
2019-11-07,BTCUSD,9344.78,9373.48,9080,9199.36,3975.98,36653215.87
2019-11-08,BTCUSD,9199.36,9253.39,8661,8767.37,9699.75,86368731.97
2019-11-09,BTCUSD,8767.37,8876.94,8720,8812.21,2271.52,20011709.54
2019-11-10,BTCUSD,8812.21,9142.33,8750.85,9024.49,2663.28,23900855.54
2019-11-11,BTCUSD,9024.49,9075.32,8593,8720.36,6392.98,55913644.29
2019-11-12,BTCUSD,8720.36,8872.47,8549,8813.91,4721.91,41173319.74
2019-11-13,BTCUSD,8813.91,8839.46,8700,8755.24,3185.82,27877490.14
2019-11-14,BTCUSD,8755.24,8791.78,8555,8636.9,3412.81,29480031.56
2019-11-15,BTCUSD,8636.9,8799.03,8363,8463.49,5213.7,44596817.59
2019-11-16,BTCUSD,8463.49,8539.53,8423,8484.63,1180.57,10004652.28
2019-11-17,BTCUSD,8484.63,8631.6,8375,8499.31,2074.01,17668226.91
2019-11-18,BTCUSD,8499.31,8508.4,8010.7,8170.65,4825.66,40088282.11
2019-11-19,BTCUSD,8170.65,8197.77,7989.15,8121.63,4412.39,35731334.2
2019-11-20,BTCUSD,8121.63,8231.04,8027.28,8088.44,2996.01,24265795.69
2019-11-21,BTCUSD,8088.44,8116.92,7394.09,7611.51,9375.0,72431853.92
2019-11-22,BTCUSD,7611.51,7714.7,6785,7285.85,20120.15,144885449.41
2019-11-23,BTCUSD,7285.85,7356.49,7102.16,7320.39,5550.47,40106431.41
2019-11-24,BTCUSD,7320.39,7349.68,6861.96,6908.36,6047.02,42914524.55
2019-11-25,BTCUSD,6908.36,7380,6515,7122.14,18716.6,129366591.36
2019-11-26,BTCUSD,7122.14,7344.91,7018.78,7159.22,7643.85,54566242.21
2019-11-27,BTCUSD,7159.22,7676.27,6847.72,7527.84,15156.99,110349122.51
2019-11-28,BTCUSD,7527.84,7659.92,7372.19,7436.72,6925.58,52090533.13
2019-11-29,BTCUSD,7436.72,7870.35,7411.17,7753.69,7658.87,58602440.28
2019-11-30,BTCUSD,7753.69,7815,7452.08,7550.67,5446.27,41571365.44
2019-12-01,BTCUSD,7550.67,7560.2,7233.87,7412.66,5477.97,40318302.94
2019-12-02,BTCUSD,7412.66,7431.07,7140.08,7309.64,4324.3,31520978.02
2019-12-03,BTCUSD,7309.64,7415,7238.04,7300.43,2552.2,18683808.38
2019-12-04,BTCUSD,7300.43,7772.71,7087.09,7197.78,7737.39,56881650.2
2019-12-05,BTCUSD,7197.78,7500,7150.06,7390.42,4641.76,34104243.99
2019-12-06,BTCUSD,7390.42,7618.99,7305.56,7541.79,4167.24,31009940.79
2019-12-07,BTCUSD,7541.79,7638.88,7486.7,7502.65,2034.57,15354337.77
2019-12-08,BTCUSD,7502.65,7580,7382.69,7524.26,1798.77,13485555.31
2019-12-09,BTCUSD,7524.26,7666,7268.03,7340.52,6582.47,48984901.86
2019-12-10,BTCUSD,7340.52,7400,7150.23,7216.07,4090.62,29794651.28
2019-12-11,BTCUSD,7216.07,7271,7122.28,7207.42,3419.94,24643079.62
2019-12-12,BTCUSD,7207.42,7296.19,7072.2,7188.42,4376.89,31435190.58
2019-12-13,BTCUSD,7188.42,7302.35,7179.65,7257.47,3178.08,22970960.45
2019-12-14,BTCUSD,7257.47,7269,7007.48,7059.03,2012.35,14334264.59
2019-12-15,BTCUSD,7059.03,7225.23,7007,7115.08,1848.35,13129364.52
2019-12-16,BTCUSD,7115.08,7147.91,6820,6882.19,5923.06,41353720.35
2019-12-17,BTCUSD,6882.19,6938.77,6550,6612.3,7107.26,47895327.08
2019-12-18,BTCUSD,6612.3,7449.68,6425,7286.91,12873.63,87907793.92
2019-12-19,BTCUSD,7286.91,7372.12,7000,7149.57,5936.56,42356210.92
2019-12-20,BTCUSD,7149.57,7218.11,7072.61,7194.11,3201.66,22903428.01
2019-12-21,BTCUSD,7194.11,7194.13,7109.73,7147.4,1689.08,12063083.6
2019-12-22,BTCUSD,7147.4,7530,7124.52,7509.7,3796.23,27923854.9
2019-12-23,BTCUSD,7509.7,7692.98,7247.86,7316.17,6710.77,50266006.27
2019-12-24,BTCUSD,7316.17,7431.1,7156,7251.52,4194.59,30637380.18
2019-12-25,BTCUSD,7251.52,7266.81,7110.73,7195.79,1504.53,10824576.03
2019-12-26,BTCUSD,7195.79,7432,7150,7188.3,3116.75,22627576.21
2019-12-27,BTCUSD,7188.3,7255.37,7052,7246,4024.57,28884846.43
2019-12-28,BTCUSD,7246,7349.65,7231,7296.24,1579.7,11528551.51
2019-12-29,BTCUSD,7296.24,7524.46,7274.43,7385.54,2583.85,19120178.74
2019-12-30,BTCUSD,7385.54,7385.54,7199,7220.24,3722.91,27106970.23
2019-12-31,BTCUSD,7220.24,7302.35,7112.55,7168.36,2638.69,18984547.33
2020-01-01,BTCUSD,7168.36,7237.35,7150,7178.68,1119.11,8052270.93
2020-01-02,BTCUSD,7178.68,7184.94,6900,6950.56,3972.71,27928978.29
2020-01-03,BTCUSD,6950.56,7402.31,6853.53,7338.91,8072.73,58367332.83
2020-01-04,BTCUSD,7338.91,7396.1,7256.03,7344.48,3256.74,23825437.64
2020-01-05,BTCUSD,7344.48,7495,7310,7356.7,2707.27,20108463.48
2020-01-06,BTCUSD,7356.7,7817,7342.46,7762.74,6728.28,51148366.7
2020-01-07,BTCUSD,7762.74,8220,7697.03,8159.01,12158.32,96360835.32
2020-01-08,BTCUSD,8159.01,8463.57,7872.09,8044.44,11913.23,97929528.57
2020-01-09,BTCUSD,8044.44,8048.94,7737.97,7806.78,5957.24,47018267.8
2020-01-10,BTCUSD,7806.78,8200,7667,8200,8999.99,71487988.31
2020-01-11,BTCUSD,8200,8286,8000,8016.22,3788.33,30769860.95
2020-01-12,BTCUSD,8016.22,8190,7960,8180.76,2056.09,16671798.24
2020-01-13,BTCUSD,8180.76,8196.81,8039,8105.01,4011.44,32494162.71
2020-01-14,BTCUSD,8105.01,8895,8105.01,8813.04,17009.43,146225207.42
2020-01-15,BTCUSD,8813.04,8903.2,8555,8809.17,8606.88,75401269.55
2020-01-16,BTCUSD,8809.17,8852.35,8573.91,8710.15,6713.26,58128480.46
2020-01-17,BTCUSD,8710.15,9015.22,8661.52,8892.63,9363.16,83202108.28
2020-01-18,BTCUSD,8892.63,9000.1,8798.9,8908.53,3678.01,32722278.87
2020-01-19,BTCUSD,8908.53,9188.1,8461.38,8696.6,8785.45,77156049.64
2020-01-20,BTCUSD,8696.6,8740.54,8507.93,8625.17,4420.2,38176413.57
2020-01-21,BTCUSD,8625.17,8778.66,8480,8717.89,3394.69,29315872.02
2020-01-22,BTCUSD,8717.89,8792.98,8567.68,8655.93,3143.81,27226881.83
2020-01-23,BTCUSD,8655.93,8665.95,8280,8378.44,8611.01,72408778.79
2020-01-24,BTCUSD,8378.44,8530.7,8212.9,8422.13,6430.43,53848152.42
2020-01-25,BTCUSD,8422.13,8437.47,8252.72,8329.5,2812.79,23426249.24
2020-01-26,BTCUSD,8329.5,8600,8276.22,8590.48,6340.59,53453535.6
2020-01-27,BTCUSD,8590.48,9004.35,8546.55,8894.54,9619.77,84430635.62
2020-01-28,BTCUSD,8894.54,9413.24,8876,9400,9565.56,86973753.2
2020-01-29,BTCUSD,9400,9443.96,9215.5,9289.18,6481.92,60511710.82
2020-01-30,BTCUSD,9289.18,9570,9166.07,9500,7945.16,74656133.86
2020-01-31,BTCUSD,9500,9529.35,9195.93,9327.85,5009.62,46781868.72
2020-02-01,BTCUSD,9327.85,9464.16,9280.33,9377.17,1669.0,15647313.66
2020-02-02,BTCUSD,9377.17,9474.28,9135,9329.39,3015.79,28176260.6
2020-02-03,BTCUSD,9329.39,9615,9211.07,9288.09,4758.13,44541630.34
2020-02-04,BTCUSD,9288.09,9348.6,9075,9159.37,4867.23,44773399.1
2020-02-05,BTCUSD,9159.37,9775,9142.52,9618.42,8063.97,76512667.13
2020-02-06,BTCUSD,9618.42,9859.57,9521,9754.63,7554.49,73394159.76
2020-02-07,BTCUSD,9754.63,9878,9706.94,9803.42,4013.49,39274637.38
2020-02-08,BTCUSD,9803.42,9948.97,9658.58,9902,3268.74,32063962.56
2020-02-09,BTCUSD,9902,10178.54,9885.04,10173.97,4830.34,48619500.95
2020-02-10,BTCUSD,10173.97,10199.85,9731.2,9850.01,7560.67,74963300.95
2020-02-11,BTCUSD,9850.01,10383.9,9706.94,10268.98,8127.6,81821348.98
2020-02-12,BTCUSD,10268.98,10495,10247.35,10348.78,6553.41,67795650.93
2020-02-13,BTCUSD,10348.78,10500.5,10068,10228.67,9347.45,95971600.41
2020-02-14,BTCUSD,10228.67,10398,10093.26,10364.04,6190.38,63465786.55
2020-02-15,BTCUSD,10364.04,10408.04,9739,9899.78,5762.31,57929002.53
2020-02-16,BTCUSD,9899.78,10051.24,9598.49,9912.89,4133.48,40778597.95
2020-02-17,BTCUSD,9912.89,9973.45,9467.57,9697.15,5913.2,57252913.03
2020-02-18,BTCUSD,9697.15,10288,9602.6,10185.17,6754.35,67153716.79
2020-02-19,BTCUSD,10185.17,10300,9312,9595.72,9936.82,98785031.86
2020-02-20,BTCUSD,9595.72,9706.27,9396.91,9612.76,6608.49,63258478.74
2020-02-21,BTCUSD,9612.76,9773.2,9562.6,9696.13,4271.47,41404137.04
2020-02-22,BTCUSD,9696.13,9722.39,9568.51,9668.13,2096.56,20253010.07
2020-02-23,BTCUSD,9668.13,10024.08,9664.08,9965.21,3329.22,32927432.12
2020-02-24,BTCUSD,9965.21,10027.66,9480,9652.58,5877.01,57123425.65
2020-02-25,BTCUSD,9652.58,9682.73,9234.21,9305.4,6280.0,59384596.89
2020-02-26,BTCUSD,9305.4,9369.99,8627.78,8779.36,11564.2,103821757.03
2020-02-27,BTCUSD,8779.36,8974.75,8520,8816.5,9273.9,81515059.44
2020-02-28,BTCUSD,8816.5,8900.94,8421.49,8703.84,6546.98,56592181.78
2020-02-29,BTCUSD,8703.84,8805.06,8525,8527.74,2338.07,20286638.54
2020-03-01,BTCUSD,8527.74,8756.11,8410,8528.95,4156.57,35511261.83
2020-03-02,BTCUSD,8528.95,8980.34,8486.72,8917.34,6186.86,54353354.13
2020-03-03,BTCUSD,8917.34,8921.8,8660.04,8755.45,4629.97,40663925.38
2020-03-04,BTCUSD,8755.45,8850,8663.76,8753.28,3353.23,29341557.58
2020-03-05,BTCUSD,8757.79,9169,8757.79,9066.65,6448.69,58265604.82
2020-03-06,BTCUSD,9066.65,9187.85,8990.01,9153.79,4136.42,37642647.03
2020-03-07,BTCUSD,9153.79,9219.13,8859.49,8893.93,2805.59,25374792.8
2020-03-08,BTCUSD,8893.93,8901.12,7995.48,8033.7,9068.89,76135548.37
2020-03-09,BTCUSD,8033.7,8191.13,7636,7936.25,12177.39,95866831.83
2020-03-10,BTCUSD,7936.25,8158.42,7733.99,7885.92,8274.95,65746742.7
2020-03-11,BTCUSD,7885.92,7988.78,7591.99,7934.57,7289.61,56863822.03
2020-03-12,BTCUSD,7934.57,7969.9,4776.59,4841.67,58513.39,360210571.57
2020-03-13,BTCUSD,4841.67,5990.35,3850,5622.74,54419.64,284267182.43
2020-03-14,BTCUSD,5622.74,5663.01,5051,5169.37,15370.87,82874138.92
2020-03-15,BTCUSD,5169.37,5965.77,5092.34,5343.64,16589.3,89752311.59
2020-03-16,BTCUSD,5343.64,5353.04,4435.89,5033.42,34905.46,170219112.51
2020-03-17,BTCUSD,5033.42,5569.9,4936,5324.99,17517.84,93134794.19
2020-03-18,BTCUSD,5324.99,5452.43,5006.87,5406.92,22559.23,118551265.57
2020-03-19,BTCUSD,5406.92,6433.98,5266.38,6181.18,24783.73,146253518.53
2020-03-20,BTCUSD,6181.18,7139,5670,6210.14,30082.5,193439601.27
2020-03-21,BTCUSD,6210.14,6461.91,5866.44,6187.78,11796.73,72583889.46
2020-03-22,BTCUSD,6187.78,6419,5705,5813.15,10813.38,65253784.14
2020-03-23,BTCUSD,5813.15,6629.79,5686.34,6493.51,19053.8,118385188.51
2020-03-24,BTCUSD,6493.51,6893,6400.01,6768.64,19719.09,131376646.8
2020-03-25,BTCUSD,6768.64,6989.04,6457.17,6692.22,16675.74,111416237.44
2020-03-26,BTCUSD,6692.22,6798.89,6528.07,6760.72,7393.71,49294382.86
2020-03-27,BTCUSD,6760.72,6872.67,6210,6376.03,10816.29,71901745.73
2020-03-28,BTCUSD,6376.03,6376.03,6030.51,6253.08,11613.49,72147462.54
2020-03-29,BTCUSD,6253.08,6278.24,5869,5870.9,9298.94,56233063.89
2020-03-30,BTCUSD,5870.9,6630,5856,6407.77,14974.44,94589749.29
2020-03-31,BTCUSD,6407.77,6527.24,6337.42,6421.14,6342.3,40889445.98
2020-04-01,BTCUSD,6421.14,6710.21,6137.71,6652.07,11319.15,71960130.69
2020-04-02,BTCUSD,6652.07,7236.39,6575.13,6801.99,17212.82,117398261.41
2020-04-03,BTCUSD,6801.99,7047.96,6610,6742.57,10570.11,72358605.3
2020-04-04,BTCUSD,6742.57,7014,6655.54,6879.61,6018.52,40962523.5
2020-04-05,BTCUSD,6879.61,6914.01,6678.51,6775.2,3981.98,27031800.42
2020-04-06,BTCUSD,6775.2,7376.59,6773.75,7352.43,13683.04,97422008.84
2020-04-07,BTCUSD,7352.43,7469,7077,7202.73,11669.01,85195615.03
2020-04-08,BTCUSD,7202.73,7428.95,7152,7367.36,8720.21,63711657.24
2020-04-09,BTCUSD,7367.36,7376.59,7107.38,7293.93,8324.92,60735239.87
2020-04-10,BTCUSD,7293.93,7306.1,6750.15,6877.03,10727.87,74421521.65
2020-04-11,BTCUSD,6877.03,6955.59,6771.24,6883.18,3326.67,22836390.23
2020-04-12,BTCUSD,6883.18,7201.76,6790.74,6908.24,7264.52,51063776.08
2020-04-13,BTCUSD,6908.24,6914.01,6542.91,6864.22,10837.57,73070898.94
2020-04-14,BTCUSD,6864.22,6991,6766.96,6879.75,7275.69,50059446.72
2020-04-15,BTCUSD,6879.75,6940,6598.55,6619,8109.73,54918729.97
2020-04-16,BTCUSD,6619,7224.18,6472.67,7111.67,15726.7,109502622.67
2020-04-17,BTCUSD,7123.05,7158.22,6995.39,7024.19,8539.62,60386632.15
2020-04-18,BTCUSD,7024.19,7306.15,7020.13,7262.26,5102.5,36602893.61
2020-04-19,BTCUSD,7262.26,7276.21,7057.46,7126.4,4662.19,33388014.35
2020-04-20,BTCUSD,7126.4,7220,6757.75,6841,11365.01,79382776.01
2020-04-21,BTCUSD,6841,6950.98,6774.48,6854.98,5570.96,38214451.94
2020-04-22,BTCUSD,6854.98,7171.26,6819.59,7137.79,6273.41,44249617.74
2020-04-23,BTCUSD,7137.79,7756.69,7031.07,7484.58,14779.55,109374199.45
2020-04-24,BTCUSD,7484.58,7612.91,7391.57,7505.53,7357.11,55377242.13
2020-04-25,BTCUSD,7505.53,7723.77,7432.8,7547.56,3800.83,28741430.1
2020-04-26,BTCUSD,7547.56,7718,7485,7701.73,5247.54,39949338.76
2020-04-27,BTCUSD,7701.73,7813.68,7637.03,7786.41,6878.02,53067907.41
2020-04-28,BTCUSD,7786.41,7798.42,7650,7767.79,7248.96,55957597.43
2020-04-29,BTCUSD,7767.79,8970,7717.14,8790.32,26396.1,219862359.85
2020-04-30,BTCUSD,8790.32,9485.26,8407,8627.32,24057.74,214743005.89
2020-05-01,BTCUSD,8627.32,9075,8616.17,8832.44,11379.69,100246596.31
2020-05-02,BTCUSD,8832.44,9022,8760,8983.79,5524.27,49175891.32
2020-05-03,BTCUSD,8983.79,9207.82,8723.78,8915.98,9218.27,82923756.88
2020-05-04,BTCUSD,8915.98,8974.34,8528.42,8882.87,10018.97,87869078.41
2020-05-05,BTCUSD,8882.87,9120,8760.1,9034.85,9592.13,85676075.46
2020-05-06,BTCUSD,9034.85,9417.95,8921.03,9154.32,15110.94,139147123.7
2020-05-07,BTCUSD,9154.32,10074,9030.03,10000,25012.9,241313478.93
2020-05-08,BTCUSD,10000,10048.38,9725,9801.35,19203.48,190431352.84
2020-05-09,BTCUSD,9801.35,9914,9515.4,9546.56,11278.63,109506263.43
2020-05-10,BTCUSD,9546.56,9565.2,8109,8731.17,31639.43,274667237.43
2020-05-11,BTCUSD,8731.17,9182.97,8181,8571.98,34465.19,299207513.01
2020-05-12,BTCUSD,8571.98,8984.87,8534.97,8825.46,14010.26,123118461.28
2020-05-13,BTCUSD,8825.46,9418.46,8804.47,9315.5,12762.85,116070755.77
2020-05-14,BTCUSD,9315.5,9945.34,9254.85,9793.5,19936.19,192594447.17
2020-05-15,BTCUSD,9793.5,9844.66,9112,9306.21,17324.14,164450498.65
2020-05-16,BTCUSD,9306.21,9590,9216.08,9389.07,6170.1,58076014.31
2020-05-17,BTCUSD,9389.07,9894.88,9326.53,9665.7,9515.79,92332110.81
2020-05-18,BTCUSD,9665.7,9966.12,9451.2,9721.91,12362.33,120325308.22
2020-05-19,BTCUSD,9721.91,9903.89,9455.05,9787.65,12149.69,117603182.46
2020-05-20,BTCUSD,9787.65,9843.87,9100,9516.51,12351.43,118302861.45
2020-05-21,BTCUSD,9516.51,9573.29,8800,9062.47,16879.83,154720870.13
2020-05-22,BTCUSD,9062.47,9272.97,8924.91,9171.96,7261.28,66290367.84
2020-05-23,BTCUSD,9171.96,9316.12,9084.83,9183.46,3477.28,31965817.4
2020-05-24,BTCUSD,9183.46,9310.91,8669,8718.77,8855.48,79788785.68
2020-05-25,BTCUSD,8718.77,8984.16,8630,8903.56,8919.92,78497049.75
2020-05-26,BTCUSD,8903.56,9012,8690,8840.91,5923.01,52400584.28
2020-05-27,BTCUSD,8840.91,9230.21,8810.99,9210,6867.67,62443847.94
2020-05-28,BTCUSD,9210,9625.01,9105.79,9577.38,11523.41,108191478.21
2020-05-29,BTCUSD,9581.49,9610,9330,9421.04,7114.42,67253090.51
2020-05-30,BTCUSD,9421.04,9758.27,9326.28,9705.1,6781.84,64706290.97
2020-05-31,BTCUSD,9705.1,9711.7,9373.96,9446.34,5698.0,54324245.54
2020-06-01,BTCUSD,9446.34,10429.26,9416.5,10203.64,12109.14,119481686.45
2020-06-02,BTCUSD,10203.64,10241.26,9135.68,9525.73,22725.12,222782211.57
2020-06-03,BTCUSD,9525.73,9699.95,9380.99,9661.59,6928.76,66167305.9
2020-06-04,BTCUSD,9668,9888,9430,9791.92,8957.42,86989254.71
2020-06-05,BTCUSD,9791.92,9856.48,9592.74,9619.99,7157.37,69598704.37
2020-06-06,BTCUSD,9619.99,9635,9525.76,9597.32,1256.88,12045449.18
